date,time,pickupLatitude,pickupLongitude,dropoffLatitude,dropoffLongitude,distance,duration,weatherCondition,surgeMultiplier
26/10/2022,11:37,22.5327,88.1248,22.4548,88.2829,18.41,36.82,Storm,1.9
15/04/2022,18:23,22.5791,88.2326,22.5576,88.3885,16.19,32.38,Clouds,1.2
06/07/2022,04:04,22.4284,88.4184,22.4963,88.5000,11.28,22.56,Haze,1.0
08/11/2022,10:47,22.4394,88.2447,22.4822,88.0909,16.51,33.02,Rain,1.7
23/08/2022,05:33,22.5272,88.2178,22.5882,88.5019,29.95,59.90,Haze,1.3
18/09/2022,08:44,22.4063,88.3386,22.6028,88.2995,22.22,44.44,Clear,1.2
24/05/2022,04:18,22.4358,88.0896,22.5025,88.1765,11.61,23.22,Smoke,1.2
24/01/2022,15:48,22.5515,88.4588,22.5834,88.2863,18.06,36.12,Clear,1.4
12/06/2022,01:56,22.5877,88.4339,22.4292,88.5292,20.16,40.32,Clear,1.5
21/09/2022,14:44,22.4591,88.3493,22.5397,88.4249,11.86,23.72,Storm,1.6
02/09/2022,01:53,22.4237,88.0841,22.5161,88.3424,28.46,56.92,Clouds,1.2
19/04/2022,16:30,22.4758,88.1008,22.4743,88.3570,26.32,52.64,Haze,1.2
11/06/2022,01:55,22.4404,88.2081,22.4249,88.3542,15.11,30.22,Storm,1.9
09/12/2022,21:56,22.5728,88.3484,22.5028,88.4113,10.12,20.24,Clouds,1.3
26/10/2022,05:37,22.5116,88.3770,22.4377,88.2522,15.23,30.46,Storm,1.7
17/01/2022,15:36,22.4125,88.1281,22.4670,88.3841,27.00,54.00,Storm,1.6
23/05/2022,09:15,22.4585,88.5096,22.4212,88.0881,43.52,87.04,Clouds,1.1
01/03/2022,07:32,22.4431,88.1731,22.4748,88.4160,25.21,50.42,Smoke,1.5
03/07/2022,07:15,22.5477,88.3498,22.4996,88.2325,13.18,26.36,Clear,1.4
22/07/2022,11:44,22.5986,88.4142,22.6085,88.2197,20.00,40.00,Smoke,1.3
18/08/2022,18:00,22.5272,88.3616,22.4314,88.3221,11.40,22.80,Storm,1.7
20/05/2022,11:13,22.4529,88.4453,22.5688,88.2371,24.97,49.94,Rain,1.8
19/02/2022,21:30,22.4481,88.2913,22.4616,88.4160,12.90,25.80,Smoke,1.3
22/07/2022,09:50,22.4863,88.1852,22.5453,88.4073,23.74,47.48,Haze,1.1
22/09/2022,10:26,22.5854,88.2742,22.6068,88.2228,5.79,11.58,Rain,1.8
07/03/2022,20:43,22.5013,88.5221,22.6056,88.4841,12.24,24.48,Clear,1.2
24/04/2022,13:38,22.4879,88.3574,22.4505,88.4985,15.08,30.16,Clear,1.4
14/08/2022,07:31,22.5405,88.3600,22.4695,88.4511,12.24,24.48,Clear,1.2
13/11/2022,19:40,22.4696,88.3424,22.4544,88.4619,12.40,24.80,Storm,1.8
02/08/2022,06:49,22.4696,88.1448,22.5200,88.3516,21.97,43.94,Smoke,1.2
09/01/2022,14:45,22.4588,88.1586,22.4684,88.1808,2.52,5.04,Haze,1.4
11/05/2022,18:10,22.4198,88.5291,22.3996,88.0864,45.56,91.12,Clear,1.1
08/10/2022,20:45,22.5475,88.3141,22.3993,88.3440,16.76,33.52,Rain,1.7
13/05/2022,08:55,22.4251,88.3090,22.5018,88.4174,14.03,28.06,Haze,1.0
25/02/2022,20:53,22.5528,88.1313,22.6202,88.1969,10.08,20.16,Rain,1.6
17/08/2022,18:35,22.4074,88.3627,22.5004,88.4208,11.94,23.88,Rain,1.7
13/07/2022,16:23,22.5463,88.5242,22.5910,88.3121,22.34,44.68,Smoke,1.3
25/03/2022,00:15,22.5670,88.3322,22.4869,88.4102,11.98,23.96,Storm,1.8
05/04/2022,19:16,22.5161,88.3096,22.6081,88.3972,13.62,27.24,Smoke,1.2
03/02/2022,10:18,22.5128,88.1737,22.4882,88.5094,34.59,69.18,Clouds,1.1
08/12/2022,17:08,22.4369,88.3657,22.4266,88.3377,3.10,6.20,Smoke,1.3
19/04/2022,00:19,22.5682,88.5092,22.4859,88.4626,10.33,20.66,Clear,1.1
26/03/2022,16:08,22.6259,88.2895,22.5429,88.2001,13.02,26.04,Storm,1.7
24/01/2022,22:51,22.5422,88.1411,22.4202,88.3709,27.23,54.46,Storm,2.0
10/05/2022,13:22,22.5957,88.4886,22.4550,88.2906,25.66,51.32,Smoke,1.1
19/08/2022,14:12,22.6249,88.0916,22.4520,88.2531,25.39,50.78,Haze,1.3
13/02/2022,12:49,22.6118,88.4885,22.4746,88.3337,22.03,44.06,Smoke,1.0
02/06/2022,15:32,22.4664,88.4794,22.5274,88.4409,7.85,15.70,Storm,1.6
22/04/2022,12:17,22.5799,88.4116,22.5423,88.2423,17.88,35.76,Storm,1.7
17/08/2022,09:52,22.4803,88.0971,22.5489,88.4426,36.30,72.60,Storm,1.6
19/04/2022,23:07,22.4016,88.4879,22.4914,88.5033,10.11,20.22,Haze,1.3
15/10/2022,15:51,22.4860,88.4590,22.4661,88.2919,17.31,34.62,Smoke,1.2
25/07/2022,05:20,22.4084,88.2799,22.3968,88.4720,19.79,39.58,Storm,1.6
20/12/2022,08:42,22.5262,88.1089,22.4910,88.2301,13.05,26.10,Rain,2.0
28/06/2022,16:03,22.5467,88.3855,22.5004,88.5251,15.24,30.48,Clouds,1.1
08/03/2022,05:59,22.4198,88.3578,22.5910,88.4640,21.94,43.88,Storm,1.9
09/04/2022,15:44,22.5588,88.1733,22.4604,88.3842,24.27,48.54,Rain,1.6
21/03/2022,14:20,22.6010,88.0910,22.4183,88.2804,28.13,56.26,Clouds,1.0
21/05/2022,05:54,22.4487,88.4875,22.5405,88.3274,19.36,38.72,Haze,1.4
20/09/2022,15:32,22.5464,88.3600,22.5133,88.3816,4.30,8.60,Haze,1.3
15/08/2022,02:59,22.6116,88.2295,22.5630,88.1934,6.55,13.10,Smoke,1.4
02/03/2022,01:30,22.4244,88.4613,22.4304,88.4354,2.74,5.48,Storm,1.5
27/11/2022,11:42,22.5560,88.2042,22.4759,88.2639,10.81,21.62,Haze,1.5
09/05/2022,07:06,22.6177,88.2797,22.4277,88.1947,22.86,45.72,Haze,1.3
26/05/2022,05:16,22.5423,88.4175,22.4443,88.5077,14.30,28.60,Clouds,1.4
05/01/2022,01:00,22.5326,88.5165,22.6080,88.3557,18.52,37.04,Haze,1.3
18/09/2022,09:11,22.5888,88.1049,22.4108,88.0894,19.86,39.72,Smoke,1.0
07/12/2022,12:12,22.6021,88.3093,22.4899,88.3219,12.54,25.08,Rain,1.5
28/04/2022,08:33,22.6234,88.1490,22.6222,88.2495,10.32,20.64,Smoke,1.3
02/01/2022,16:17,22.5956,88.4158,22.5085,88.2143,22.85,45.70,Clouds,1.4
22/11/2022,21:24,22.4534,88.4100,22.5050,88.3238,10.55,21.10,Smoke,1.3
25/09/2022,21:39,22.4533,88.4703,22.4382,88.2817,19.46,38.92,Storm,1.5
22/08/2022,12:44,22.4683,88.3628,22.4231,88.4911,14.11,28.22,Rain,2.0
06/09/2022,16:00,22.6161,88.3039,22.5164,88.3601,12.50,25.00,Storm,1.5
08/03/2022,02:12,22.4327,88.2320,22.4645,88.2620,4.69,9.38,Rain,1.8
08/03/2022,14:13,22.5497,88.0945,22.4645,88.2769,21.00,42.00,Rain,1.7
14/09/2022,05:11,22.4522,88.1766,22.4006,88.2208,7.32,14.64,Smoke,1.5
21/01/2022,03:01,22.5964,88.3189,22.4057,88.1862,25.21,50.42,Storm,1.8
16/07/2022,04:46,22.5429,88.2953,22.5988,88.3369,7.54,15.08,Storm,1.9
19/08/2022,13:11,22.6004,88.2277,22.5010,88.5261,32.58,65.16,Smoke,1.2
28/10/2022,09:23,22.4471,88.2976,22.4668,88.2310,7.19,14.38,Storm,1.6
25/10/2022,03:55,22.4545,88.2845,22.5663,88.1787,16.51,33.02,Clouds,1.4
20/12/2022,17:58,22.6008,88.1424,22.5595,88.4883,35.81,71.62,Smoke,1.4
08/10/2022,07:03,22.5033,88.4605,22.6254,88.5045,14.31,28.62,Rain,1.5
19/11/2022,13:26,22.5372,88.0957,22.6184,88.0909,9.04,18.08,Smoke,1.3
25/03/2022,06:49,22.5014,88.2951,22.5350,88.4697,18.32,36.64,Clear,1.3
09/12/2022,14:22,22.4812,88.4540,22.4421,88.1240,34.19,68.38,Rain,1.8
08/09/2022,18:27,22.4737,88.0958,22.5615,88.4802,40.67,81.34,Clouds,1.2
19/08/2022,23:31,22.4531,88.1258,22.4883,88.4611,34.67,69.34,Clear,1.1
14/12/2022,03:07,22.4166,88.1184,22.6144,88.2357,25.08,50.16,Clouds,1.4
15/01/2022,11:49,22.4796,88.2520,22.5389,88.4344,19.86,39.72,Smoke,1.2
21/10/2022,02:14,22.5125,88.1777,22.5822,88.3461,18.95,37.90,Clouds,1.5
13/10/2022,09:20,22.5338,88.2886,22.5106,88.3392,5.80,11.60,Storm,1.6
27/05/2022,18:07,22.4151,88.4514,22.5427,88.1047,38.34,76.68,Storm,2.0
25/09/2022,02:52,22.5184,88.5019,22.4159,88.4155,14.45,28.90,Clear,1.1
04/02/2022,19:19,22.4329,88.3798,22.6134,88.5142,24.36,48.72,Clear,1.2
15/08/2022,22:08,22.5021,88.3446,22.4993,88.2486,9.87,19.74,Haze,1.4
05/11/2022,13:31,22.4770,88.3125,22.5261,88.4978,19.80,39.60,Smoke,1.3
14/07/2022,13:05,22.5445,88.2265,22.5776,88.2128,3.94,7.88,Smoke,1.2
22/09/2022,13:33,22.4422,88.1353,22.6230,88.0891,20.66,41.32,Smoke,1.5
20/12/2022,00:37,22.5912,88.1563,22.4425,88.1182,16.99,33.98,Clear,1.2
08/01/2022,23:48,22.4449,88.2661,22.6080,88.0984,25.01,50.02,Clouds,1.2
16/05/2022,05:36,22.5434,88.2175,22.5798,88.3305,12.29,24.58,Clear,1.3
01/07/2022,11:57,22.4300,88.1125,22.5958,88.3989,34.72,69.44,Storm,1.7
23/08/2022,16:38,22.4708,88.1337,22.5351,88.4406,32.33,64.66,Clouds,1.2
20/10/2022,09:42,22.5704,88.3381,22.4680,88.2146,17.05,34.10,Clear,1.4
21/12/2022,18:04,22.5456,88.1877,22.5809,88.5254,34.90,69.80,Haze,1.1
20/06/2022,09:55,22.4571,88.2088,22.4877,88.3896,18.89,37.78,Rain,1.7
21/04/2022,06:41,22.4779,88.4369,22.5841,88.1211,34.52,69.04,Haze,1.2
25/02/2022,19:30,22.4188,88.3812,22.4210,88.2081,17.79,35.58,Storm,1.8
14/07/2022,17:10,22.6083,88.1709,22.4077,88.2194,22.86,45.72,Clouds,1.2
19/11/2022,00:13,22.4886,88.1338,22.4281,88.2555,14.20,28.40,Clear,1.5
06/03/2022,04:10,22.5514,88.3096,22.5251,88.3812,7.91,15.82,Clear,1.1
08/10/2022,02:59,22.5986,88.1625,22.4388,88.0928,19.16,38.32,Rain,1.7
23/03/2022,22:33,22.6100,88.0919,22.5773,88.2016,11.83,23.66,Clear,1.4
02/08/2022,04:58,22.4939,88.4590,22.4424,88.2149,25.73,51.46,Haze,1.3
23/07/2022,15:22,22.6240,88.4907,22.6078,88.1434,35.69,71.38,Smoke,1.5
09/05/2022,13:08,22.5233,88.4794,22.4959,88.4086,7.89,15.78,Clouds,1.1
19/10/2022,03:44,22.5888,88.4101,22.4690,88.4144,13.33,26.66,Rain,1.8
24/02/2022,11:37,22.6149,88.2669,22.4944,88.1736,16.47,32.94,Clear,1.1
24/06/2022,12:13,22.4252,88.5069,22.6161,88.2736,32.01,64.02,Storm,1.6
18/01/2022,00:05,22.5877,88.4526,22.4451,88.3480,19.15,38.30,Haze,1.3
18/04/2022,10:38,22.5375,88.2377,22.5095,88.4723,24.30,48.60,Clouds,1.4
13/11/2022,05:58,22.5227,88.5200,22.5191,88.2144,31.39,62.78,Smoke,1.2
06/04/2022,14:38,22.4536,88.5180,22.4366,88.5091,2.10,4.20,Clouds,1.1
18/11/2022,04:05,22.4690,88.1521,22.4505,88.1124,4.57,9.14,Clear,1.2
01/12/2022,22:08,22.5586,88.2728,22.6045,88.1312,15.41,30.82,Smoke,1.2
27/02/2022,14:41,22.6107,88.1642,22.4793,88.3462,23.72,47.44,Storm,1.9
26/04/2022,14:43,22.5296,88.4294,22.4391,88.1047,34.85,69.70,Storm,1.8
26/11/2022,00:51,22.4812,88.1912,22.4956,88.1918,1.60,3.20,Haze,1.1
14/10/2022,16:13,22.5054,88.2956,22.5202,88.1926,10.71,21.42,Storm,1.6
28/02/2022,18:20,22.6220,88.2359,22.5561,88.5143,29.51,59.02,Clear,1.3
18/09/2022,08:27,22.5090,88.4966,22.4132,88.5068,10.70,21.40,Clouds,1.2
03/11/2022,20:24,22.4286,88.1153,22.6006,88.2065,21.30,42.60,Clouds,1.4
13/10/2022,18:53,22.5054,88.2410,22.5800,88.2707,8.84,17.68,Clouds,1.3
19/08/2022,12:57,22.4344,88.4331,22.4246,88.4533,2.34,4.68,Clear,1.4
22/06/2022,18:27,22.6252,88.3458,22.4787,88.4056,17.41,34.82,Haze,1.3
14/01/2022,20:35,22.5474,88.2249,22.5845,88.3391,12.43,24.86,Storm,1.7
11/07/2022,04:57,22.5940,88.3221,22.5458,88.3058,5.61,11.22,Clouds,1.1
23/03/2022,11:03,22.4218,88.5118,22.5465,88.2869,26.95,53.90,Storm,1.9
04/10/2022,04:54,22.5375,88.3963,22.4813,88.5164,13.83,27.66,Clear,1.1
09/09/2022,13:52,22.4793,88.4787,22.4974,88.2477,23.82,47.64,Haze,1.4
10/05/2022,01:56,22.4035,88.4686,22.6244,88.4253,24.96,49.92,Clouds,1.3
03/06/2022,03:08,22.6040,88.4468,22.4965,88.4924,12.84,25.68,Rain,1.6
19/11/2022,22:14,22.4286,88.3904,22.6132,88.3142,21.97,43.94,Haze,1.0
17/01/2022,11:27,22.4336,88.0929,22.5582,88.2489,21.19,42.38,Clear,1.2
08/06/2022,10:10,22.4490,88.2800,22.3983,88.4997,23.28,46.56,Smoke,1.1
28/08/2022,02:27,22.4645,88.4858,22.5147,88.3800,12.22,24.44,Storm,1.6
04/07/2022,13:02,22.4677,88.2266,22.5428,88.1298,12.99,25.98,Clouds,1.2
07/12/2022,06:57,22.4013,88.2539,22.6130,88.2898,23.83,47.66,Clear,1.3
25/02/2022,05:45,22.4121,88.1412,22.4108,88.3541,21.89,43.78,Clouds,1.3
10/05/2022,19:40,22.5629,88.3362,22.5294,88.2223,12.28,24.56,Clouds,1.1
23/11/2022,06:09,22.4846,88.1430,22.4695,88.2587,12.01,24.02,Storm,1.7
22/01/2022,04:19,22.5149,88.1818,22.6198,88.3051,17.21,34.42,Storm,1.6
09/10/2022,14:34,22.5681,88.2259,22.5553,88.3384,11.64,23.28,Storm,1.8
28/02/2022,22:50,22.5406,88.1296,22.5687,88.1471,3.60,7.20,Clear,1.1
22/10/2022,17:56,22.4426,88.4083,22.4142,88.1679,24.91,49.82,Clear,1.5
21/08/2022,12:58,22.4928,88.1659,22.5616,88.3057,16.27,32.54,Smoke,1.3
07/10/2022,16:33,22.5394,88.3711,22.4667,88.1423,24.86,49.72,Rain,2.0
27/02/2022,20:14,22.5285,88.1505,22.5543,88.4468,30.56,61.12,Haze,1.0
14/08/2022,07:26,22.5561,88.3254,22.5993,88.1805,15.63,31.26,Clouds,1.2
21/09/2022,01:16,22.4723,88.0981,22.4814,88.5155,42.90,85.80,Rain,1.7
06/07/2022,15:24,22.5718,88.1643,22.3975,88.0890,20.87,41.74,Storm,1.6
07/06/2022,01:12,22.6207,88.1222,22.4552,88.2269,21.31,42.62,Smoke,1.2
18/04/2022,12:32,22.5434,88.4798,22.4992,88.4873,4.97,9.94,Storm,1.9
14/01/2022,04:01,22.4303,88.2392,22.5235,88.2158,10.64,21.28,Clear,1.1
12/11/2022,11:02,22.5058,88.3483,22.5444,88.4524,11.52,23.04,Storm,1.8
02/10/2022,08:53,22.4544,88.1443,22.4105,88.3094,17.66,35.32,Smoke,1.2
13/11/2022,08:44,22.4009,88.5081,22.5520,88.4083,19.68,39.36,Smoke,1.5
04/10/2022,14:46,22.5338,88.1902,22.5724,88.2280,5.79,11.58,Smoke,1.2
14/01/2022,20:25,22.5667,88.5225,22.5615,88.4647,5.96,11.92,Clear,1.1
19/12/2022,07:51,22.4414,88.2749,22.5015,88.1504,14.43,28.86,Smoke,1.1
22/02/2022,04:28,22.4813,88.2823,22.4074,88.4913,23.00,46.00,Clouds,1.2
06/12/2022,17:38,22.4757,88.3040,22.5243,88.1619,15.57,31.14,Smoke,1.3
18/04/2022,23:44,22.6065,88.1831,22.5279,88.1100,11.52,23.04,Clear,1.0
28/03/2022,23:00,22.4962,88.3925,22.5106,88.3801,2.05,4.10,Rain,1.9
07/02/2022,00:40,22.3982,88.3881,22.4872,88.1466,26.72,53.44,Storm,1.9
27/10/2022,00:29,22.4638,88.1586,22.3974,88.3683,22.78,45.56,Clouds,1.3
13/11/2022,14:51,22.4618,88.3332,22.4827,88.1308,20.93,41.86,Haze,1.4
04/05/2022,18:08,22.4519,88.3442,22.5958,88.4579,19.81,39.62,Storm,1.9
19/09/2022,07:04,22.4791,88.1280,22.4336,88.3318,21.55,43.10,Haze,1.3
11/04/2022,16:59,22.5300,88.1779,22.4944,88.3707,20.20,40.40,Clouds,1.2
25/08/2022,21:22,22.5231,88.3006,22.4620,88.0928,22.40,44.80,Haze,1.3
22/12/2022,13:21,22.5241,88.4694,22.4103,88.3018,21.37,42.74,Haze,1.3
01/01/2022,17:23,22.5093,88.1267,22.6186,88.3364,24.73,49.46,Haze,1.1
22/12/2022,09:16,22.4185,88.4757,22.4992,88.1850,31.19,62.38,Storm,1.7
28/02/2022,16:58,22.4406,88.2727,22.5248,88.1105,19.11,38.22,Rain,1.7
23/11/2022,11:37,22.4784,88.2168,22.4050,88.3977,20.30,40.60,Smoke,1.3
05/08/2022,22:01,22.4507,88.2710,22.6107,88.1738,20.40,40.80,Haze,1.0
14/10/2022,01:19,22.4972,88.1637,22.6258,88.2370,16.16,32.32,Storm,1.8
22/06/2022,16:52,22.5641,88.1457,22.5885,88.2918,15.24,30.48,Storm,1.7
14/12/2022,02:50,22.5044,88.2885,22.4177,88.3996,14.94,29.88,Haze,1.1
05/07/2022,16:36,22.5280,88.1401,22.4010,88.3610,26.73,53.46,Haze,1.4
07/11/2022,12:07,22.4531,88.1767,22.4346,88.4363,26.76,53.52,Rain,1.6
06/02/2022,10:35,22.4358,88.2164,22.4008,88.4130,20.58,41.16,Storm,1.6
11/08/2022,06:38,22.6067,88.3803,22.6258,88.4776,10.21,20.42,Clouds,1.0
02/01/2022,23:56,22.3972,88.4060,22.4741,88.3493,10.35,20.70,Smoke,1.3
26/03/2022,20:19,22.4557,88.1087,22.4458,88.4772,37.89,75.78,Haze,1.0
21/02/2022,19:24,22.5880,88.5138,22.5439,88.5066,4.96,9.92,Clouds,1.5
26/11/2022,18:19,22.5973,88.3748,22.4299,88.2162,24.74,49.48,Clouds,1.2
13/04/2022,22:09,22.5642,88.2924,22.4205,88.2475,16.63,33.26,Clear,1.0
24/08/2022,22:29,22.4549,88.4942,22.4782,88.0885,41.77,83.54,Smoke,1.1
07/06/2022,09:44,22.4166,88.5196,22.5545,88.3229,25.37,50.74,Clear,1.0
12/10/2022,12:44,22.5535,88.3925,22.4428,88.3974,12.32,24.64,Storm,1.5
17/05/2022,06:47,22.5220,88.3199,22.4921,88.4815,16.93,33.86,Storm,1.7
27/05/2022,14:23,22.5425,88.3605,22.4817,88.4051,8.17,16.34,Rain,1.8
19/06/2022,09:27,22.5461,88.1218,22.5875,88.4066,29.60,59.20,Clouds,1.3
27/12/2022,06:03,22.4868,88.3964,22.4330,88.2324,17.88,35.76,Clear,1.5
10/01/2022,04:08,22.4950,88.4511,22.4176,88.5014,10.04,20.08,Clear,1.2
25/11/2022,00:14,22.4243,88.1452,22.4881,88.2656,14.26,28.52,Clouds,1.2
28/05/2022,03:31,22.4193,88.2880,22.4485,88.1316,16.40,32.80,Storm,1.8
18/03/2022,13:59,22.5634,88.1974,22.5584,88.5200,33.13,66.26,Haze,1.4
25/11/2022,13:09,22.4891,88.4977,22.5563,88.4113,11.60,23.20,Clouds,1.3
17/06/2022,13:25,22.6110,88.4754,22.5896,88.4346,4.82,9.64,Storm,2.0
10/03/2022,16:58,22.5990,88.2673,22.5285,88.2965,8.39,16.78,Rain,1.8
13/03/2022,23:10,22.4956,88.2185,22.5551,88.1701,8.28,16.56,Clear,1.1
19/06/2022,01:07,22.6229,88.1303,22.5991,88.2917,16.78,33.56,Storm,1.6
03/07/2022,04:57,22.4145,88.2685,22.4105,88.1284,14.41,28.82,Clouds,1.5
22/03/2022,16:28,22.5454,88.4492,22.5469,88.2444,21.03,42.06,Smoke,1.3
20/07/2022,12:36,22.4632,88.3583,22.4232,88.1982,17.04,34.08,Clear,1.1
04/02/2022,00:40,22.4212,88.4011,22.6200,88.1540,33.66,67.32,Haze,1.2
01/03/2022,19:50,22.5323,88.2834,22.5880,88.3261,7.59,15.18,Smoke,1.0
09/02/2022,06:41,22.3999,88.1965,22.4814,88.2716,11.90,23.80,Clear,1.3
22/02/2022,04:08,22.5886,88.1822,22.4300,88.1871,17.64,35.28,Clear,1.0
01/10/2022,16:35,22.5852,88.0938,22.4725,88.2046,16.93,33.86,Storm,1.7
15/02/2022,06:52,22.5855,88.4381,22.4762,88.3347,16.14,32.28,Rain,1.7
23/03/2022,16:36,22.4123,88.4996,22.4315,88.4820,2.80,5.60,Storm,2.0
26/07/2022,06:32,22.5114,88.2066,22.5997,88.2180,9.89,19.78,Clear,1.1
09/09/2022,18:46,22.4196,88.4970,22.4673,88.1002,41.12,82.24,Smoke,1.3
27/03/2022,15:17,22.5633,88.3942,22.5532,88.3838,1.55,3.10,Smoke,1.1
26/02/2022,04:23,22.4765,88.1342,22.6171,88.3553,27.57,55.14,Haze,1.1
10/06/2022,10:02,22.6214,88.1354,22.5017,88.2772,19.73,39.46,Smoke,1.5
24/03/2022,11:00,22.4257,88.4992,22.4397,88.1140,39.62,79.24,Storm,1.6
22/05/2022,11:20,22.4052,88.3307,22.5257,88.3913,14.78,29.56,Clear,1.4
28/01/2022,22:32,22.4156,88.1087,22.5224,88.5277,44.66,89.32,Storm,1.9
20/12/2022,19:22,22.5204,88.1302,22.4198,88.3527,25.45,50.90,Smoke,1.4
27/04/2022,20:18,22.5695,88.2618,22.5790,88.1503,11.50,23.00,Rain,1.7
24/01/2022,06:20,22.6031,88.2314,22.4690,88.3192,17.43,34.86,Clear,1.0
15/02/2022,23:55,22.4386,88.4147,22.5474,88.2645,19.61,39.22,Haze,1.4
06/02/2022,10:48,22.4442,88.2627,22.4931,88.1603,11.84,23.68,Storm,1.8
06/01/2022,23:18,22.4701,88.1889,22.5586,88.4661,30.13,60.26,Rain,1.9
16/11/2022,17:26,22.4737,88.1223,22.5338,88.2269,12.65,25.30,Haze,1.0
05/04/2022,08:56,22.4561,88.0860,22.4352,88.3116,23.30,46.60,Clouds,1.1
10/07/2022,09:18,22.6257,88.4783,22.5577,88.3467,15.48,30.96,Smoke,1.1
02/07/2022,07:59,22.6228,88.1828,22.6041,88.1182,6.95,13.90,Clouds,1.1
15/10/2022,11:08,22.4890,88.3970,22.5786,88.3460,11.26,22.52,Haze,1.3
02/01/2022,15:57,22.6030,88.1837,22.5202,88.1987,9.33,18.66,Rain,1.8
11/11/2022,09:16,22.4597,88.1583,22.5987,88.3118,22.08,44.16,Clear,1.1
25/11/2022,20:09,22.4831,88.2813,22.6105,88.1955,16.68,33.36,Haze,1.3
24/05/2022,20:01,22.4259,88.4827,22.5160,88.1897,31.73,63.46,Rain,1.6
05/05/2022,05:40,22.5312,88.1621,22.5147,88.4508,29.71,59.42,Haze,1.0
18/05/2022,11:33,22.5730,88.1968,22.5862,88.4766,28.76,57.52,Rain,1.7
02/08/2022,02:31,22.6215,88.0873,22.4447,88.2198,23.91,47.82,Smoke,1.2
18/01/2022,10:24,22.5682,88.1425,22.5642,88.1040,3.98,7.96,Clouds,1.2
21/08/2022,01:52,22.5627,88.4405,22.5686,88.2240,22.24,44.48,Storm,1.5
14/11/2022,08:41,22.6228,88.2093,22.5437,88.2989,12.73,25.46,Storm,2.0
16/08/2022,02:00,22.5083,88.4705,22.4436,88.1305,35.67,71.34,Smoke,1.1
13/02/2022,10:17,22.5889,88.3364,22.5389,88.4695,14.75,29.50,Rain,1.7
01/08/2022,06:31,22.6050,88.1699,22.5727,88.2410,8.14,16.28,Rain,1.9
09/06/2022,22:44,22.6062,88.3633,22.5207,88.2022,19.08,38.16,Storm,1.6
07/08/2022,19:28,22.5204,88.3718,22.4207,88.1319,27.03,54.06,Rain,2.0
10/12/2022,21:12,22.5930,88.5152,22.4100,88.1324,44.28,88.56,Clear,1.4
16/07/2022,20:55,22.5992,88.3919,22.4599,88.4753,17.70,35.40,Smoke,1.4
17/07/2022,11:31,22.5964,88.2174,22.4974,88.1447,13.30,26.60,Clear,1.5
19/11/2022,21:28,22.4226,88.1734,22.6013,88.1424,20.12,40.24,Clouds,1.2
15/11/2022,09:38,22.4033,88.1848,22.4072,88.4980,32.20,64.40,Clouds,1.1
24/08/2022,23:08,22.4295,88.3690,22.5635,88.4786,18.68,37.36,Smoke,1.2
09/01/2022,17:07,22.4042,88.1345,22.5866,88.4987,42.56,85.12,Haze,1.4
28/10/2022,18:46,22.6222,88.4626,22.4614,88.4013,18.96,37.92,Haze,1.0
20/06/2022,05:53,22.4811,88.0842,22.5120,88.2007,12.45,24.90,Clouds,1.3
11/03/2022,15:30,22.4605,88.4804,22.5583,88.1517,35.47,70.94,Clouds,1.4
10/09/2022,08:49,22.6079,88.4483,22.6045,88.2290,22.51,45.02,Clouds,1.3
01/12/2022,12:10,22.4922,88.1910,22.4818,88.3359,14.93,29.86,Rain,1.6
20/10/2022,18:06,22.5260,88.4094,22.4315,88.4348,10.83,21.66,Rain,2.0
01/11/2022,18:07,22.5634,88.5183,22.4357,88.2671,29.45,58.90,Rain,1.7
12/07/2022,09:00,22.5469,88.2540,22.4344,88.1095,19.41,38.82,Storm,1.5
19/05/2022,06:45,22.4060,88.1637,22.5394,88.1286,15.27,30.54,Smoke,1.1
02/06/2022,20:59,22.6158,88.1218,22.4951,88.4971,40.81,81.62,Haze,1.2
01/01/2022,18:28,22.4983,88.2405,22.5994,88.4303,22.50,45.00,Haze,1.1
28/08/2022,10:28,22.5558,88.3024,22.6042,88.2997,5.39,10.78,Clear,1.1
01/04/2022,14:08,22.4395,88.0834,22.4081,88.2756,20.06,40.12,Clouds,1.4
22/11/2022,23:38,22.4282,88.1878,22.3995,88.1660,3.90,7.80,Clouds,1.1
06/11/2022,04:48,22.6088,88.1673,22.5211,88.1438,10.05,20.10,Smoke,1.3
17/05/2022,04:34,22.5711,88.4676,22.5106,88.3418,14.57,29.14,Smoke,1.4
03/08/2022,21:51,22.4480,88.2722,22.5245,88.3799,13.96,27.92,Haze,1.2
19/12/2022,20:59,22.5876,88.5184,22.5387,88.3045,22.63,45.26,Clear,1.1
25/09/2022,03:33,22.4399,88.5056,22.5164,88.2526,27.35,54.70,Smoke,1.0
17/07/2022,08:48,22.4114,88.1782,22.4512,88.3046,13.72,27.44,Storm,1.6
04/05/2022,16:24,22.5715,88.3549,22.5040,88.2979,9.52,19.04,Smoke,1.2
09/04/2022,12:07,22.5251,88.2761,22.4160,88.4505,21.64,43.28,Clear,1.1
21/01/2022,18:30,22.4488,88.1159,22.4876,88.4289,32.45,64.90,Storm,1.7
10/02/2022,15:02,22.4558,88.2853,22.5927,88.1055,23.93,47.86,Clear,1.2
20/10/2022,06:27,22.4156,88.2366,22.3987,88.3972,16.62,33.24,Haze,1.1
04/10/2022,10:57,22.5034,88.1619,22.5612,88.1392,6.84,13.68,Rain,1.8
20/01/2022,13:11,22.5388,88.3421,22.4385,88.4664,16.95,33.90,Rain,1.6
26/02/2022,08:28,22.4144,88.4414,22.4782,88.5051,9.65,19.30,Haze,1.3
26/09/2022,13:24,22.6190,88.3934,22.5627,88.3133,10.34,20.68,Clouds,1.0
27/08/2022,15:59,22.5374,88.4869,22.6036,88.2663,23.82,47.64,Clouds,1.4
23/10/2022,14:41,22.5621,88.2515,22.4761,88.2635,9.64,19.28,Clouds,1.1
06/07/2022,09:00,22.5336,88.3951,22.5423,88.2320,16.78,33.56,Rain,2.0
18/10/2022,20:39,22.5971,88.3914,22.4893,88.3509,12.69,25.38,Smoke,1.1
09/01/2022,17:42,22.4468,88.2100,22.5984,88.1567,17.72,35.44,Rain,1.6
15/04/2022,09:51,22.4584,88.4589,22.4679,88.4565,1.08,2.16,Smoke,1.2
19/09/2022,09:20,22.6203,88.3802,22.5848,88.5140,14.29,28.58,Haze,1.1
18/02/2022,09:59,22.5993,88.2682,22.3966,88.4561,29.68,59.36,Clouds,1.1
10/07/2022,07:15,22.5737,88.3356,22.5735,88.2124,12.65,25.30,Rain,1.7
28/01/2022,18:58,22.4074,88.2115,22.6000,88.3546,25.98,51.96,Storm,1.6
06/03/2022,11:31,22.4872,88.3882,22.6215,88.3662,15.10,30.20,Storm,1.7
02/03/2022,17:22,22.6250,88.1421,22.4085,88.0852,24.77,49.54,Smoke,1.1
17/07/2022,16:00,22.4400,88.4883,22.5043,88.5027,7.30,14.60,Storm,1.6
28/01/2022,12:25,22.4197,88.1643,22.5330,88.1739,12.64,25.28,Rain,1.6
01/05/2022,16:30,22.6089,88.3893,22.5416,88.4147,7.92,15.84,Clear,1.1
09/05/2022,11:47,22.6144,88.3973,22.5480,88.4246,7.90,15.80,Storm,1.8
11/01/2022,03:40,22.4803,88.3055,22.4494,88.3400,4.94,9.88,Clear,1.4
06/09/2022,08:40,22.4667,88.1462,22.4664,88.1319,1.47,2.94,Clouds,1.1
02/03/2022,23:59,22.4490,88.1221,22.5660,88.2002,15.28,30.56,Clear,1.1
03/06/2022,12:36,22.4694,88.3335,22.4360,88.5000,17.51,35.02,Haze,1.1
05/09/2022,17:30,22.4660,88.3320,22.5917,88.5109,23.09,46.18,Clouds,1.2
23/04/2022,04:55,22.4650,88.1722,22.4962,88.4258,26.29,52.58,Smoke,1.4
23/11/2022,18:49,22.4000,88.0896,22.5489,88.4334,39.01,78.02,Storm,2.0
08/07/2022,04:32,22.5671,88.4565,22.5814,88.3603,10.00,20.00,Rain,1.7
10/12/2022,17:19,22.6237,88.2755,22.5351,88.3258,11.12,22.24,Clouds,1.4
25/12/2022,09:35,22.4578,88.4962,22.6165,88.3827,21.15,42.30,Smoke,1.0
23/01/2022,05:52,22.4674,88.1360,22.4047,88.4181,29.82,59.64,Storm,2.0
26/02/2022,23:04,22.5370,88.3968,22.5285,88.2708,12.98,25.96,Haze,1.1
04/03/2022,21:52,22.4946,88.5226,22.4582,88.4433,9.10,18.20,Haze,1.1
24/04/2022,21:02,22.5537,88.3485,22.5015,88.2970,7.85,15.70,Clear,1.3
28/07/2022,03:30,22.4504,88.3840,22.4496,88.4288,4.60,9.20,Clouds,1.4
25/03/2022,20:15,22.5937,88.3812,22.4632,88.2444,20.20,40.40,Storm,1.8
03/05/2022,17:08,22.5187,88.4248,22.5763,88.3944,7.13,14.26,Rain,1.5
19/03/2022,07:23,22.4409,88.0915,22.4485,88.2144,12.66,25.32,Clear,1.2
09/09/2022,17:13,22.6143,88.4472,22.6034,88.3215,12.96,25.92,Haze,1.1
17/01/2022,22:28,22.4944,88.1787,22.4911,88.4616,29.07,58.14,Haze,1.3
06/08/2022,00:07,22.5354,88.2995,22.5827,88.2326,8.65,17.30,Haze,1.3
19/12/2022,11:26,22.6038,88.2226,22.5118,88.2675,11.22,22.44,Smoke,1.1
10/07/2022,23:01,22.6133,88.1344,22.6163,88.5120,38.76,77.52,Rain,1.9
03/07/2022,03:01,22.5091,88.2055,22.6217,88.3715,21.15,42.30,Rain,1.6
20/05/2022,03:10,22.4420,88.1367,22.5318,88.4027,29.10,58.20,Clouds,1.2
06/12/2022,08:15,22.5264,88.1689,22.6150,88.4183,27.44,54.88,Clear,1.1
26/03/2022,13:38,22.5413,88.2225,22.4566,88.1810,10.34,20.68,Haze,1.2
04/04/2022,23:27,22.5670,88.3172,22.4988,88.2883,8.14,16.28,Rain,1.8
13/04/2022,02:42,22.4057,88.1961,22.4425,88.3358,14.93,29.86,Smoke,1.4
11/09/2022,18:54,22.4467,88.2676,22.4865,88.2335,5.64,11.28,Haze,1.3
25/08/2022,16:07,22.4144,88.5203,22.4676,88.4845,6.97,13.94,Clear,1.2
02/07/2022,21:50,22.4350,88.4785,22.5464,88.1796,33.11,66.22,Haze,1.3
14/07/2022,07:10,22.4351,88.3737,22.5506,88.1238,28.71,57.42,Clear,1.1
02/06/2022,10:02,22.4811,88.4991,22.6091,88.2771,26.88,53.76,Smoke,1.5
07/12/2022,02:42,22.4001,88.1831,22.6196,88.4904,39.90,79.80,Smoke,1.3
18/06/2022,20:37,22.4053,88.2034,22.5117,88.1471,13.17,26.34,Rain,1.5
13/09/2022,18:44,22.5373,88.1919,22.4357,88.1084,14.19,28.38,Rain,1.6
08/01/2022,05:10,22.4828,88.4454,22.5303,88.1730,28.48,56.96,Smoke,1.1
06/10/2022,08:21,22.4231,88.3738,22.5647,88.0831,33.76,67.52,Haze,1.2
04/08/2022,09:53,22.4621,88.0988,22.5692,88.3750,30.77,61.54,Haze,1.4
09/12/2022,21:32,22.4812,88.4445,22.4842,88.2978,15.08,30.16,Rain,1.6
09/11/2022,23:14,22.4316,88.2641,22.4757,88.3090,6.73,13.46,Haze,1.5
03/03/2022,03:30,22.4123,88.3064,22.4997,88.3882,12.85,25.70,Clouds,1.5
27/05/2022,09:06,22.4076,88.1568,22.5670,88.3670,27.94,55.88,Rain,1.9
22/03/2022,06:56,22.4669,88.5167,22.4166,88.4727,7.19,14.38,Rain,1.6
04/11/2022,18:00,22.5708,88.1341,22.4183,88.4815,39.51,79.02,Storm,1.8
09/11/2022,11:56,22.3967,88.3536,22.4304,88.1944,16.79,33.58,Rain,1.6
12/07/2022,00:13,22.5292,88.2449,22.5220,88.2513,1.04,2.08,Storm,1.6
27/12/2022,08:03,22.6153,88.4845,22.4073,88.5172,23.37,46.74,Rain,1.8
19/10/2022,05:23,22.5145,88.2057,22.4188,88.1399,12.61,25.22,Rain,1.9
27/04/2022,04:52,22.5472,88.3607,22.4724,88.3896,8.83,17.66,Storm,1.7
18/02/2022,04:16,22.4334,88.3138,22.5000,88.4314,14.17,28.34,Clouds,1.1
16/09/2022,07:03,22.4824,88.4196,22.4259,88.2606,17.51,35.02,Clear,1.5
15/02/2022,15:32,22.6034,88.3604,22.4800,88.3723,13.78,27.56,Clouds,1.3
19/03/2022,21:46,22.4720,88.1338,22.4959,88.3877,26.22,52.44,Clear,1.2
11/08/2022,14:40,22.5893,88.3743,22.4575,88.5056,19.92,39.84,Clear,1.5
23/01/2022,06:27,22.5530,88.2094,22.4246,88.5208,35.03,70.06,Clear,1.1
11/01/2022,21:46,22.5890,88.0871,22.6049,88.3433,26.36,52.72,Clouds,1.0
10/12/2022,06:27,22.4325,88.1773,22.4167,88.2495,7.63,15.26,Clear,1.4
16/08/2022,09:51,22.5441,88.2696,22.5046,88.3453,8.93,17.86,Haze,1.4
05/07/2022,20:04,22.4411,88.2551,22.4819,88.3721,12.85,25.70,Smoke,1.2
28/10/2022,16:42,22.6203,88.2559,22.4892,88.2254,14.91,29.82,Clear,1.3
15/09/2022,05:05,22.6049,88.3897,22.4154,88.4796,23.01,46.02,Clear,1.3
05/12/2022,18:59,22.5435,88.2433,22.5712,88.4293,19.35,38.70,Rain,1.6
25/10/2022,14:07,22.4736,88.2214,22.4798,88.3932,17.67,35.34,Haze,1.2
06/07/2022,17:50,22.5710,88.4909,22.4959,88.2713,24.05,48.10,Clouds,1.4
15/08/2022,23:21,22.4490,88.4842,22.5584,88.1967,31.94,63.88,Clear,1.4
08/08/2022,15:04,22.5592,88.4392,22.5709,88.3442,9.84,19.68,Clear,1.2
21/07/2022,21:16,22.5736,88.2706,22.5176,88.2646,6.26,12.52,Rain,1.8
27/12/2022,01:29,22.4811,88.1435,22.4099,88.0992,9.13,18.26,Rain,1.6
06/10/2022,14:52,22.6033,88.1933,22.5647,88.1944,4.29,8.58,Storm,1.7
05/06/2022,07:19,22.6166,88.0914,22.5737,88.1428,7.11,14.22,Clouds,1.2
04/06/2022,08:30,22.5451,88.3239,22.4188,88.3907,15.63,31.26,Clouds,1.1
17/02/2022,01:14,22.5701,88.5064,22.5151,88.4004,12.49,24.98,Clear,1.1
18/02/2022,01:02,22.5990,88.1915,22.4347,88.1107,20.07,40.14,Clouds,1.2
02/12/2022,14:05,22.5527,88.5038,22.4249,88.2910,26.08,52.16,Storm,2.0
24/09/2022,00:39,22.5916,88.0867,22.5906,88.4752,39.88,79.76,Smoke,1.3
27/08/2022,22:52,22.4629,88.2738,22.5617,88.3312,12.47,24.94,Rain,1.9
05/07/2022,02:12,22.5397,88.1796,22.5236,88.4920,32.14,64.28,Smoke,1.0
26/03/2022,12:05,22.4845,88.4128,22.5951,88.3204,15.53,31.06,Storm,2.0
21/03/2022,18:53,22.4684,88.1300,22.4437,88.4725,35.30,70.60,Clouds,1.2
09/06/2022,10:53,22.4595,88.4204,22.4188,88.1924,23.87,47.74,Clear,1.4
09/04/2022,01:41,22.5484,88.2055,22.4837,88.5268,33.78,67.56,Smoke,1.3
18/01/2022,02:15,22.4210,88.4660,22.5278,88.4110,13.15,26.30,Rain,1.8
26/05/2022,23:39,22.5422,88.0959,22.4790,88.3768,29.70,59.40,Haze,1.1
01/11/2022,22:22,22.5569,88.1209,22.4928,88.3242,22.06,44.12,Clouds,1.1
22/08/2022,02:28,22.5725,88.3737,22.5034,88.4639,12.04,24.08,Clouds,1.2
03/04/2022,11:50,22.4589,88.2122,22.6102,88.3442,21.61,43.22,Smoke,1.5
11/06/2022,09:18,22.4492,88.1203,22.6051,88.1778,18.31,36.62,Storm,1.7
21/03/2022,22:46,22.4952,88.1939,22.4345,88.1492,8.16,16.32,Haze,1.3
24/10/2022,15:23,22.4608,88.4755,22.4312,88.2319,25.25,50.50,Haze,1.2
13/05/2022,21:07,22.4265,88.1322,22.5780,88.3392,27.13,54.26,Haze,1.3
27/09/2022,20:02,22.5012,88.4127,22.5940,88.3731,11.09,22.18,Clouds,1.4
02/02/2022,18:06,22.4532,88.2063,22.6203,88.2229,18.66,37.32,Rain,1.5
08/11/2022,16:05,22.4493,88.1031,22.5668,88.4611,39.03,78.06,Smoke,1.1
10/04/2022,12:03,22.4516,88.5256,22.5917,88.2019,36.72,73.44,Clear,1.0
02/05/2022,05:16,22.4568,88.5220,22.5380,88.3453,20.27,40.54,Haze,1.2
21/05/2022,22:24,22.4486,88.4275,22.4442,88.5062,8.10,16.20,Clouds,1.1
09/04/2022,14:21,22.6070,88.2118,22.6123,88.0987,11.62,23.24,Smoke,1.2
10/04/2022,09:11,22.5680,88.3929,22.5011,88.4944,12.81,25.62,Storm,1.8
17/11/2022,07:26,22.4815,88.2209,22.5413,88.1150,12.75,25.50,Storm,1.9
06/03/2022,21:26,22.3966,88.2914,22.6168,88.3906,26.52,53.04,Rain,1.6
17/02/2022,00:39,22.4174,88.2546,22.4927,88.3620,13.85,27.70,Smoke,1.3
12/02/2022,11:03,22.5922,88.4254,22.4939,88.2798,18.52,37.04,Haze,1.3
23/03/2022,04:04,22.4578,88.2424,22.4727,88.4324,19.59,39.18,Clouds,1.4
26/10/2022,03:09,22.4710,88.1315,22.4247,88.3952,27.58,55.16,Haze,1.1
11/11/2022,11:16,22.5677,88.2161,22.5574,88.2887,7.54,15.08,Clear,1.3
28/11/2022,13:35,22.4967,88.5256,22.4749,88.3987,13.26,26.52,Clear,1.2
06/04/2022,20:21,22.5280,88.2284,22.4697,88.0892,15.70,31.40,Smoke,1.1
23/12/2022,03:56,22.4187,88.3815,22.6027,88.3257,21.25,42.50,Storm,1.6
28/02/2022,03:52,22.3964,88.3139,22.4338,88.3361,4.74,9.48,Smoke,1.3
10/01/2022,01:36,22.4873,88.4295,22.5796,88.0892,36.43,72.86,Smoke,1.1
02/09/2022,14:09,22.4223,88.2300,22.6177,88.2548,21.88,43.76,Smoke,1.4
20/11/2022,07:19,22.5214,88.2152,22.5469,88.3382,12.95,25.90,Clouds,1.4
14/07/2022,13:18,22.6147,88.3439,22.5858,88.2611,9.09,18.18,Storm,1.7
12/07/2022,10:01,22.5290,88.1726,22.4359,88.0913,13.30,26.60,Rain,1.8
17/06/2022,16:03,22.4675,88.1556,22.5412,88.3275,19.47,38.94,Smoke,1.0
01/12/2022,16:29,22.4805,88.2090,22.5180,88.2030,4.22,8.44,Clear,1.3
27/02/2022,13:47,22.5313,88.1272,22.5199,88.4683,35.06,70.12,Smoke,1.1
16/05/2022,10:24,22.4583,88.3837,22.4390,88.3714,2.49,4.98,Haze,1.4
28/02/2022,21:31,22.4389,88.3576,22.4733,88.0902,27.74,55.48,Clouds,1.0
13/10/2022,01:52,22.5278,88.1491,22.5501,88.3136,17.08,34.16,Storm,1.8
28/10/2022,16:38,22.4786,88.2011,22.3978,88.2961,13.27,26.54,Clouds,1.4
15/02/2022,07:27,22.4792,88.2716,22.5574,88.3905,14.99,29.98,Storm,1.6
23/03/2022,23:04,22.4215,88.4620,22.4470,88.3082,16.06,32.12,Smoke,1.1
25/12/2022,18:24,22.6165,88.1209,22.4856,88.3681,29.26,58.52,Storm,1.9
15/11/2022,02:27,22.6050,88.0917,22.4013,88.1131,22.76,45.52,Rain,1.7
24/03/2022,23:32,22.4194,88.4884,22.5252,88.4794,11.80,23.60,Clear,1.2
07/02/2022,01:53,22.4563,88.2596,22.4251,88.3446,9.40,18.80,Rain,1.8
17/12/2022,09:47,22.4964,88.3471,22.4016,88.1707,20.97,41.94,Storm,1.6
19/01/2022,00:48,22.6159,88.3808,22.5374,88.3027,11.85,23.70,Haze,1.0
25/08/2022,15:59,22.4955,88.1941,22.6237,88.4975,34.26,68.52,Storm,1.5
06/02/2022,07:47,22.4866,88.4358,22.4747,88.5078,7.52,15.04,Haze,1.2
26/09/2022,16:07,22.5736,88.2703,22.4295,88.1822,18.40,36.80,Haze,1.0
22/03/2022,03:34,22.5021,88.3483,22.4878,88.4966,15.32,30.64,Clear,1.0
18/01/2022,16:23,22.5428,88.4919,22.5840,88.1360,36.83,73.66,Storm,2.0
16/04/2022,02:44,22.5949,88.2371,22.3985,88.0946,26.29,52.58,Rain,2.0
04/09/2022,22:30,22.5601,88.2144,22.6060,88.2920,9.46,18.92,Haze,1.2
19/06/2022,22:05,22.4116,88.4271,22.5020,88.4599,10.60,21.20,Clear,1.1
11/07/2022,07:01,22.5829,88.3008,22.6213,88.4252,13.47,26.94,Clear,1.1
12/01/2022,14:44,22.5072,88.2815,22.5716,88.3293,8.68,17.36,Rain,1.8
17/09/2022,18:28,22.5398,88.1316,22.4113,88.1322,14.29,28.58,Rain,1.9
21/04/2022,20:54,22.4045,88.2443,22.4098,88.2410,0.68,1.36,Storm,1.8
06/01/2022,04:51,22.4713,88.2405,22.5991,88.4513,25.90,51.80,Haze,1.1
18/12/2022,15:21,22.6006,88.4008,22.6185,88.4134,2.37,4.74,Rain,1.8
06/01/2022,12:34,22.5870,88.1854,22.5130,88.3656,20.25,40.50,Smoke,1.5
08/09/2022,06:17,22.5303,88.3724,22.4883,88.3410,5.68,11.36,Clear,1.2
23/09/2022,19:58,22.4181,88.5175,22.4446,88.4696,5.74,11.48,Storm,1.7
23/03/2022,23:21,22.5647,88.4251,22.6106,88.2012,23.55,47.10,Storm,1.6
12/07/2022,21:03,22.6157,88.3659,22.4312,88.3974,20.77,41.54,Clouds,1.1
24/09/2022,08:26,22.5322,88.2476,22.3997,88.3286,16.92,33.84,Haze,1.4
17/06/2022,23:23,22.5999,88.4357,22.5188,88.3028,16.36,32.72,Smoke,1.4
07/03/2022,17:47,22.5464,88.3001,22.4715,88.3167,8.50,17.00,Clouds,1.3
01/05/2022,18:38,22.4285,88.3650,22.6060,88.1518,29.48,58.96,Smoke,1.3
01/06/2022,09:58,22.4668,88.3955,22.5450,88.2054,21.38,42.76,Storm,1.9
07/03/2022,14:15,22.4569,88.2038,22.4932,88.2161,4.23,8.46,Rain,1.9
10/06/2022,00:44,22.4161,88.1582,22.5134,88.3357,21.21,42.42,Haze,1.4
05/12/2022,23:40,22.5305,88.2258,22.4629,88.4763,26.81,53.62,Clouds,1.4
21/06/2022,19:47,22.4982,88.2780,22.5790,88.3111,9.61,19.22,Storm,1.7
20/01/2022,22:31,22.6252,88.2245,22.5004,88.3468,18.72,37.44,Haze,1.4
19/05/2022,22:08,22.4476,88.2015,22.5611,88.2966,15.96,31.92,Smoke,1.3
23/12/2022,11:21,22.5251,88.3272,22.6120,88.4889,19.21,38.42,Smoke,1.3
07/01/2022,23:28,22.4658,88.4723,22.4055,88.4064,9.53,19.06,Haze,1.1
08/10/2022,15:42,22.5547,88.1419,22.5156,88.4740,34.38,68.76,Clouds,1.2
14/04/2022,00:02,22.5085,88.5194,22.5517,88.5043,5.05,10.10,Clear,1.3
02/11/2022,23:48,22.5705,88.1214,22.5243,88.2635,15.47,30.94,Storm,1.7
09/05/2022,21:39,22.4186,88.5220,22.4964,88.1091,43.30,86.60,Clear,1.1
24/09/2022,16:42,22.4026,88.2091,22.4074,88.1197,9.21,18.42,Smoke,1.2
13/03/2022,00:34,22.4190,88.1774,22.4797,88.4255,26.38,52.76,Clear,1.2
09/03/2022,03:57,22.5347,88.1645,22.6175,88.1433,9.46,18.92,Clear,1.2
19/09/2022,11:52,22.5479,88.3200,22.6089,88.2107,13.11,26.22,Haze,1.3
12/10/2022,17:19,22.5714,88.1640,22.3967,88.2272,20.48,40.96,Haze,1.5
20/03/2022,22:35,22.5337,88.2677,22.4476,88.3093,10.48,20.96,Clear,1.2
28/09/2022,00:33,22.4575,88.2818,22.4557,88.4382,16.07,32.14,Rain,1.8
13/11/2022,22:16,22.4722,88.3183,22.4560,88.2563,6.62,13.24,Smoke,1.0
21/08/2022,21:05,22.5280,88.5075,22.5279,88.1803,33.61,67.22,Haze,1.4
28/04/2022,19:50,22.4055,88.2951,22.5610,88.2866,17.31,34.62,Rain,1.7
13/07/2022,17:25,22.4395,88.0930,22.4803,88.4308,35.01,70.02,Haze,1.2
10/01/2022,15:53,22.6095,88.1905,22.5996,88.3210,13.44,26.88,Smoke,1.3
26/02/2022,16:38,22.4992,88.4330,22.5823,88.2417,21.71,43.42,Smoke,1.3
21/12/2022,22:25,22.5859,88.2443,22.6234,88.1786,7.93,15.86,Haze,1.2
11/08/2022,21:57,22.5621,88.1958,22.4719,88.4848,31.33,62.66,Haze,1.1
12/06/2022,15:57,22.4946,88.4540,22.5064,88.3686,8.87,17.74,Storm,1.9
16/10/2022,16:34,22.5243,88.1694,22.5535,88.1653,3.27,6.54,Rain,1.6
03/11/2022,22:02,22.6119,88.5215,22.4930,88.4972,13.45,26.90,Haze,1.2
09/09/2022,23:32,22.4330,88.3078,22.4799,88.4213,12.78,25.56,Storm,1.7
15/03/2022,15:35,22.6114,88.3499,22.4429,88.4267,20.33,40.66,Clear,1.2
13/06/2022,07:26,22.6161,88.4083,22.5978,88.4990,9.53,19.06,Rain,1.5
05/01/2022,15:25,22.5847,88.4384,22.6223,88.2686,17.93,35.86,Clear,1.1
22/09/2022,07:48,22.6192,88.3047,22.4951,88.1230,23.21,46.42,Smoke,1.0
10/10/2022,04:20,22.6176,88.4301,22.5558,88.4714,8.07,16.14,Rain,1.8
22/11/2022,18:46,22.4759,88.1198,22.4902,88.1317,2.01,4.02,Clouds,1.0
16/08/2022,05:12,22.4990,88.1606,22.5710,88.1610,8.01,16.02,Smoke,1.4
23/02/2022,22:43,22.4137,88.3036,22.4913,88.3396,9.39,18.78,Storm,1.8
18/07/2022,15:49,22.6135,88.1622,22.4741,88.4620,34.47,68.94,Rain,1.5
02/06/2022,13:15,22.5233,88.3695,22.6020,88.2997,11.31,22.62,Clear,1.5
09/03/2022,23:24,22.5276,88.3389,22.5280,88.4980,16.34,32.68,Haze,1.2
13/06/2022,15:35,22.5092,88.4819,22.5432,88.2415,24.98,49.96,Smoke,1.4
19/10/2022,06:42,22.6016,88.0998,22.4509,88.1566,17.74,35.48,Clouds,1.0
23/06/2022,14:40,22.5464,88.4232,22.5080,88.3555,8.16,16.32,Rain,1.5
11/12/2022,03:28,22.5701,88.4980,22.5425,88.5271,4.28,8.56,Clear,1.3
24/03/2022,15:20,22.6135,88.4275,22.4160,88.1222,38.29,76.58,Clear,1.2
23/10/2022,11:41,22.5022,88.3679,22.4918,88.1219,25.30,50.60,Smoke,1.2
15/09/2022,19:36,22.6133,88.2283,22.5282,88.4932,28.80,57.60,Smoke,1.4
19/12/2022,04:54,22.4062,88.2434,22.4682,88.4016,17.66,35.32,Storm,2.0
22/06/2022,06:10,22.4315,88.2835,22.4287,88.1850,10.13,20.26,Clear,1.5
26/12/2022,14:59,22.4144,88.5163,22.5782,88.1761,39.41,78.82,Rain,1.7
11/01/2022,17:54,22.5045,88.5181,22.5592,88.2467,28.53,57.06,Clear,1.1
14/10/2022,22:55,22.5743,88.1551,22.5161,88.2302,10.07,20.14,Rain,1.7
06/07/2022,23:20,22.4895,88.4690,22.4862,88.4354,3.47,6.94,Clouds,1.5
21/05/2022,10:27,22.6251,88.4230,22.4655,88.3869,18.13,36.26,Clouds,1.4
01/02/2022,06:47,22.6057,88.2986,22.4655,88.5290,28.34,56.68,Clear,1.1
02/08/2022,04:53,22.5098,88.3340,22.4446,88.4635,15.15,30.30,Smoke,1.5
22/07/2022,14:15,22.5980,88.4856,22.4615,88.4036,17.36,34.72,Haze,1.3
14/06/2022,09:46,22.5524,88.2528,22.5563,88.3702,12.06,24.12,Rain,1.7
23/07/2022,09:56,22.4803,88.3837,22.4583,88.1161,27.61,55.22,Clear,1.2
24/08/2022,02:00,22.5472,88.1283,22.4805,88.2884,18.04,36.08,Clear,1.2
09/02/2022,11:20,22.4556,88.3270,22.4903,88.3300,3.87,7.74,Haze,1.5
16/05/2022,03:49,22.5395,88.4992,22.5790,88.1932,31.73,63.46,Haze,1.2
15/10/2022,16:10,22.4123,88.2769,22.5518,88.5120,28.71,57.42,Storm,1.9
28/09/2022,08:38,22.5884,88.0943,22.4934,88.2638,20.36,40.72,Haze,1.2
01/06/2022,14:28,22.5495,88.1349,22.4435,88.5152,40.81,81.62,Rain,1.8
11/04/2022,04:45,22.4058,88.2299,22.4423,88.4616,24.16,48.32,Clear,1.3
18/04/2022,10:30,22.4934,88.3195,22.4725,88.0903,23.66,47.32,Storm,1.6
23/09/2022,21:15,22.4469,88.3093,22.5034,88.3055,6.29,12.58,Haze,1.2
01/07/2022,16:23,22.4265,88.3157,22.4483,88.2761,4.74,9.48,Rain,1.6
21/12/2022,09:16,22.5898,88.1034,22.5938,88.1010,0.51,1.02,Storm,1.6
05/06/2022,07:00,22.5519,88.4054,22.4818,88.3084,12.65,25.30,Smoke,1.2
01/11/2022,12:04,22.4882,88.4140,22.5583,88.4092,7.81,15.62,Haze,1.1
06/11/2022,07:17,22.5479,88.2936,22.5822,88.4177,13.30,26.60,Smoke,1.5
03/10/2022,15:39,22.5356,88.4538,22.5254,88.4792,2.84,5.68,Clouds,1.4
09/02/2022,02:40,22.5603,88.3480,22.5304,88.5005,16.01,32.02,Clouds,1.1
24/04/2022,10:16,22.6108,88.3203,22.5666,88.1097,22.17,44.34,Clouds,1.2
17/10/2022,05:24,22.5631,88.1575,22.5252,88.4765,33.03,66.06,Clouds,1.2
08/03/2022,00:48,22.5797,88.2081,22.4156,88.3338,22.35,44.70,Smoke,1.1
04/04/2022,05:13,22.5931,88.2909,22.5308,88.3815,11.60,23.20,Clear,1.5
15/11/2022,20:23,22.5433,88.4209,22.5638,88.3055,12.07,24.14,Smoke,1.2
03/04/2022,11:32,22.4085,88.1530,22.5332,88.2962,20.22,40.44,Clear,1.3
13/03/2022,01:12,22.6119,88.4974,22.5663,88.2592,24.97,49.94,Smoke,1.5
03/05/2022,07:22,22.4582,88.4081,22.5011,88.3312,9.23,18.46,Haze,1.2
06/02/2022,06:21,22.5593,88.1292,22.5539,88.5158,39.70,79.40,Clouds,1.0
17/09/2022,10:57,22.4591,88.5014,22.4176,88.2904,22.17,44.34,Storm,1.8
14/08/2022,06:58,22.5562,88.4095,22.6111,88.3469,8.86,17.72,Haze,1.0
06/08/2022,17:03,22.5400,88.3253,22.5629,88.3893,7.05,14.10,Clear,1.4
18/12/2022,06:34,22.6020,88.1056,22.5484,88.3246,23.26,46.52,Clear,1.2
18/02/2022,21:10,22.5006,88.2302,22.4233,88.4631,25.43,50.86,Clouds,1.1
19/08/2022,17:03,22.4611,88.5096,22.4701,88.3678,14.61,29.22,Rain,1.9
14/10/2022,23:24,22.4871,88.5037,22.4850,88.4277,7.81,15.62,Clear,1.3
19/06/2022,15:44,22.5223,88.3652,22.4178,88.2184,19.04,38.08,Smoke,1.0
02/04/2022,19:18,22.4724,88.4954,22.5508,88.1370,37.83,75.66,Smoke,1.3
20/03/2022,19:07,22.4679,88.1550,22.4805,88.3624,21.36,42.72,Smoke,1.3
05/10/2022,05:09,22.4308,88.5007,22.3990,88.3425,16.64,33.28,Clear,1.4
06/06/2022,23:21,22.4798,88.1333,22.4905,88.3617,23.50,47.00,Smoke,1.5
27/03/2022,02:49,22.4616,88.5002,22.5943,88.4182,16.99,33.98,Rain,2.0
28/12/2022,03:03,22.5797,88.5290,22.5554,88.5124,3.19,6.38,Rain,1.9
21/01/2022,07:24,22.4960,88.1798,22.6193,88.4654,32.37,64.74,Clear,1.2
25/05/2022,16:21,22.4612,88.2855,22.5096,88.4675,19.46,38.92,Haze,1.0
06/12/2022,11:26,22.4449,88.3885,22.4477,88.2955,9.56,19.12,Smoke,1.0
15/01/2022,04:31,22.5420,88.2595,22.4165,88.3863,19.09,38.18,Haze,1.1
23/05/2022,07:36,22.5814,88.1205,22.5248,88.4543,34.85,69.70,Haze,1.4
01/05/2022,18:59,22.6015,88.5210,22.4373,88.3144,27.99,55.98,Haze,1.3
23/08/2022,06:01,22.4259,88.0857,22.4124,88.3154,23.66,47.32,Rain,1.7
02/07/2022,06:38,22.4245,88.3260,22.5554,88.4997,23.03,46.06,Haze,1.3
21/08/2022,23:16,22.5493,88.1102,22.5729,88.4023,30.11,60.22,Haze,1.2
25/03/2022,21:57,22.5446,88.2825,22.5916,88.4630,19.26,38.52,Rain,1.7
06/02/2022,11:02,22.5508,88.1445,22.5391,88.1409,1.35,2.70,Rain,1.6
14/11/2022,13:25,22.4575,88.1836,22.6066,88.2583,18.27,36.54,Storm,1.6
01/02/2022,16:50,22.5974,88.5269,22.4691,88.1367,42.54,85.08,Clouds,1.5
03/05/2022,06:27,22.4816,88.3619,22.6069,88.2230,19.94,39.88,Haze,1.2
25/05/2022,03:36,22.5844,88.1854,22.6098,88.3530,17.44,34.88,Storm,1.5
02/03/2022,21:51,22.5163,88.3167,22.5777,88.2594,9.01,18.02,Clear,1.3
23/06/2022,07:44,22.5459,88.0865,22.4995,88.4314,35.80,71.60,Haze,1.2
20/12/2022,05:40,22.5486,88.2561,22.4438,88.1207,18.15,36.30,Smoke,1.2
04/10/2022,14:26,22.6080,88.3252,22.5355,88.3958,10.84,21.68,Storm,1.8
23/07/2022,22:25,22.5803,88.3714,22.5612,88.1678,21.01,42.02,Clouds,1.1
27/03/2022,05:38,22.3970,88.1628,22.4606,88.0862,10.58,21.16,Rain,1.6
27/03/2022,20:34,22.4444,88.4135,22.4394,88.1584,26.22,52.44,Storm,1.6
26/12/2022,13:04,22.5378,88.2647,22.6254,88.4488,21.26,42.52,Storm,1.7
14/01/2022,09:37,22.5939,88.1341,22.5907,88.3058,17.63,35.26,Rain,2.0
18/02/2022,06:03,22.5654,88.3870,22.4479,88.1794,25.01,50.02,Smoke,1.3
12/10/2022,17:55,22.4298,88.3259,22.4389,88.4985,17.77,35.54,Smoke,1.2
26/09/2022,05:38,22.6180,88.2155,22.5171,88.1513,13.01,26.02,Storm,1.8
09/06/2022,11:53,22.4565,88.3064,22.6091,88.1322,24.66,49.32,Haze,1.4
05/03/2022,09:21,22.4224,88.2251,22.4123,88.1031,12.59,25.18,Smoke,1.2
21/11/2022,15:35,22.5791,88.5031,22.5814,88.2185,29.22,58.44,Haze,1.5
24/12/2022,09:09,22.6028,88.1443,22.4789,88.4859,37.69,75.38,Clouds,1.0
09/02/2022,14:42,22.4066,88.4162,22.5383,88.3098,18.28,36.56,Storm,1.6
09/07/2022,22:27,22.4260,88.2834,22.4134,88.1016,18.74,37.48,Storm,1.9
18/02/2022,08:01,22.4650,88.2895,22.4036,88.2124,10.46,20.92,Smoke,1.4
04/05/2022,10:04,22.5097,88.4039,22.5689,88.2018,21.77,43.54,Clouds,1.2
10/11/2022,15:31,22.5962,88.1854,22.4793,88.5119,35.96,71.92,Haze,1.5
17/03/2022,01:14,22.4263,88.2200,22.4178,88.1487,7.39,14.78,Rain,2.0
21/02/2022,18:46,22.6210,88.2115,22.5268,88.1005,15.48,30.96,Haze,1.0
26/09/2022,03:18,22.5832,88.2482,22.4274,88.2068,17.84,35.68,Haze,1.1
27/07/2022,16:40,22.6219,88.4654,22.6199,88.2817,18.86,37.72,Haze,1.0
21/06/2022,22:05,22.5812,88.2005,22.5866,88.2547,5.60,11.20,Storm,1.7
28/06/2022,03:02,22.4453,88.0936,22.4862,88.1071,4.75,9.50,Storm,1.5
16/08/2022,05:50,22.5813,88.3185,22.4193,88.4684,23.70,47.40,Storm,1.5
21/11/2022,16:13,22.5825,88.0883,22.5433,88.2580,17.96,35.92,Rain,1.8
08/02/2022,00:42,22.4395,88.1408,22.5784,88.4236,32.90,65.80,Storm,1.9
22/07/2022,04:19,22.5826,88.1491,22.6035,88.4504,31.02,62.04,Rain,1.9
23/07/2022,12:41,22.4900,88.5204,22.4393,88.3885,14.68,29.36,Storm,1.9
20/03/2022,09:33,22.4472,88.4176,22.4422,88.3329,8.72,17.44,Smoke,1.3
18/04/2022,22:48,22.4506,88.3570,22.5736,88.1965,21.42,42.84,Rain,1.9
08/04/2022,21:49,22.5584,88.3940,22.5914,88.2316,17.07,34.14,Smoke,1.3
09/11/2022,18:27,22.6095,88.1540,22.6142,88.1863,3.36,6.72,Rain,1.8
20/04/2022,08:09,22.5132,88.2540,22.5614,88.4540,21.23,42.46,Smoke,1.0
27/02/2022,08:49,22.4872,88.4296,22.5728,88.3145,15.18,30.36,Smoke,1.3
20/06/2022,04:07,22.5917,88.1769,22.5336,88.1608,6.67,13.34,Storm,1.5
23/08/2022,19:51,22.5725,88.5280,22.5004,88.3995,15.44,30.88,Haze,1.4
02/10/2022,02:00,22.4212,88.5241,22.5226,88.2605,29.34,58.68,Haze,1.3
10/05/2022,21:39,22.6083,88.4708,22.4819,88.1127,39.37,78.74,Smoke,1.2
19/07/2022,04:38,22.4149,88.2922,22.3987,88.3225,3.60,7.20,Smoke,1.4
09/05/2022,21:55,22.4079,88.1076,22.6065,88.1580,22.68,45.36,Haze,1.1
02/04/2022,03:14,22.5218,88.3689,22.6099,88.4990,16.57,33.14,Haze,1.2
27/09/2022,18:38,22.5290,88.4405,22.4465,88.0927,36.89,73.78,Clouds,1.4
17/11/2022,11:42,22.5551,88.2112,22.5287,88.4345,23.12,46.24,Clear,1.0
25/05/2022,05:36,22.6033,88.4480,22.3984,88.3768,23.93,47.86,Storm,1.9
08/09/2022,07:25,22.4462,88.4546,22.5522,88.5079,13.00,26.00,Haze,1.1
28/03/2022,07:22,22.3993,88.1597,22.5954,88.4906,40.39,80.78,Haze,1.1
07/10/2022,14:18,22.4071,88.3343,22.5624,88.1044,29.26,58.52,Smoke,1.0
03/01/2022,06:28,22.5537,88.4774,22.5150,88.3705,11.79,23.58,Rain,1.8
08/05/2022,20:51,22.5274,88.2469,22.4555,88.1332,14.16,28.32,Storm,1.7
08/05/2022,04:43,22.5229,88.2257,22.4493,88.3546,15.57,31.14,Storm,1.9
25/08/2022,10:30,22.4932,88.1762,22.5406,88.2706,11.04,22.08,Storm,1.9
05/11/2022,09:10,22.6081,88.1984,22.6121,88.3548,16.06,32.12,Storm,1.5
04/10/2022,05:49,22.5513,88.1784,22.5513,88.3020,12.69,25.38,Clouds,1.2
14/03/2022,14:11,22.4952,88.2107,22.4550,88.5009,30.15,60.30,Clear,1.1
25/05/2022,21:38,22.5621,88.3923,22.5219,88.5209,13.94,27.88,Rain,1.9
01/10/2022,07:31,22.4369,88.5267,22.5877,88.4535,18.38,36.76,Rain,2.0
09/03/2022,06:33,22.5340,88.4496,22.5891,88.4884,7.31,14.62,Storm,1.7
06/09/2022,02:09,22.4966,88.1806,22.6207,88.2236,14.49,28.98,Haze,1.1
03/01/2022,01:40,22.4143,88.4768,22.3981,88.3261,15.60,31.20,Rain,1.7
25/04/2022,12:25,22.4486,88.1178,22.5359,88.2220,14.45,28.90,Haze,1.4
09/07/2022,12:57,22.4345,88.3425,22.4158,88.3302,2.43,4.86,Clouds,1.2
10/11/2022,08:46,22.5359,88.2385,22.4465,88.1057,16.88,33.76,Haze,1.1
26/08/2022,04:13,22.6135,88.2030,22.5100,88.4361,26.56,53.12,Smoke,1.5
05/01/2022,02:59,22.4522,88.3633,22.4254,88.3767,3.28,6.56,Storm,2.0
15/06/2022,10:24,22.5952,88.2319,22.4585,88.4957,31.07,62.14,Haze,1.2
13/05/2022,11:42,22.4360,88.3288,22.4512,88.1332,20.17,40.34,Smoke,1.3
01/08/2022,11:09,22.4658,88.2120,22.4746,88.4048,19.83,39.66,Storm,1.6
05/01/2022,23:40,22.4817,88.2431,22.4572,88.2791,4.59,9.18,Storm,1.5
24/08/2022,00:50,22.5350,88.5192,22.5385,88.2849,24.07,48.14,Clouds,1.4
18/03/2022,18:23,22.5581,88.3494,22.5415,88.4056,6.06,12.12,Rain,1.7
02/04/2022,00:32,22.5015,88.1249,22.5088,88.3785,26.06,52.12,Storm,1.7
17/06/2022,10:14,22.4923,88.2675,22.5976,88.2198,12.69,25.38,Storm,1.7
20/07/2022,18:12,22.4517,88.2040,22.6198,88.1361,19.95,39.90,Storm,1.8
05/05/2022,10:57,22.5075,88.4648,22.4223,88.4382,9.86,19.72,Clouds,1.5
20/10/2022,18:10,22.3973,88.2177,22.5491,88.1816,17.28,34.56,Storm,1.9
11/08/2022,09:22,22.6198,88.1465,22.5772,88.2649,13.05,26.10,Smoke,1.0
03/03/2022,20:10,22.4845,88.2436,22.5161,88.5112,27.71,55.42,Rain,1.9
05/10/2022,06:18,22.5900,88.4421,22.4680,88.2178,26.74,53.48,Rain,1.9
28/11/2022,13:22,22.5424,88.2561,22.5694,88.2387,3.49,6.98,Storm,1.5
18/11/2022,20:54,22.5950,88.3462,22.5275,88.1021,26.17,52.34,Smoke,1.3
02/03/2022,13:10,22.4973,88.4416,22.5649,88.4007,8.61,17.22,Clear,1.1
17/05/2022,09:43,22.4422,88.3563,22.5407,88.3779,11.18,22.36,Clouds,1.5
23/08/2022,18:00,22.4135,88.4544,22.5179,88.4704,11.72,23.44,Storm,2.0
19/02/2022,17:01,22.4145,88.1677,22.4474,88.3794,22.06,44.12,Haze,1.4
28/06/2022,00:48,22.5289,88.2690,22.4613,88.0939,19.50,39.00,Storm,2.0
12/03/2022,20:13,22.5074,88.0963,22.5563,88.1684,9.19,18.38,Clear,1.3
05/09/2022,07:35,22.4703,88.1695,22.5912,88.4739,34.03,68.06,Clouds,1.2
09/08/2022,02:01,22.6022,88.4899,22.4513,88.3926,19.53,39.06,Rain,1.9
01/12/2022,20:23,22.4703,88.1047,22.4351,88.4668,37.42,74.84,Rain,1.7
01/03/2022,03:52,22.4796,88.5117,22.4230,88.5228,6.40,12.80,Smoke,1.3
25/04/2022,06:59,22.4762,88.1943,22.4223,88.2819,10.82,21.64,Smoke,1.5
11/12/2022,15:19,22.4106,88.5124,22.5059,88.5110,10.60,21.20,Clouds,1.1
04/09/2022,23:06,22.5154,88.3342,22.4770,88.2601,8.73,17.46,Rain,1.6
13/01/2022,11:42,22.5223,88.3104,22.4538,88.5092,21.80,43.60,Clouds,1.3
08/03/2022,20:27,22.5837,88.4634,22.3966,88.3807,22.47,44.94,Storm,1.5
12/11/2022,04:06,22.4490,88.1620,22.4702,88.2026,4.79,9.58,Haze,1.2
22/10/2022,04:26,22.6017,88.4859,22.4732,88.1800,34.51,69.02,Storm,1.7
05/09/2022,07:03,22.5063,88.4899,22.4699,88.3079,19.13,38.26,Rain,1.8
01/06/2022,17:50,22.5987,88.0932,22.5760,88.1767,8.94,17.88,Storm,2.0
06/05/2022,23:51,22.4753,88.2338,22.5877,88.4031,21.41,42.82,Smoke,1.3
11/11/2022,18:05,22.6162,88.3103,22.4849,88.1221,24.22,48.44,Clouds,1.0
03/10/2022,12:44,22.6144,88.1131,22.5017,88.0902,12.75,25.50,Smoke,1.5
12/02/2022,09:24,22.5819,88.3437,22.6035,88.1273,22.35,44.70,Smoke,1.5
10/07/2022,13:34,22.6033,88.3324,22.5507,88.1849,16.23,32.46,Smoke,1.1
06/08/2022,00:38,22.4666,88.4139,22.5685,88.2469,20.56,41.12,Clouds,1.4
28/04/2022,19:42,22.5452,88.4704,22.4974,88.4285,6.84,13.68,Haze,1.4
03/10/2022,01:51,22.5421,88.1456,22.4231,88.4505,34.01,68.02,Clouds,1.4
11/05/2022,04:31,22.4847,88.2566,22.6252,88.4758,27.40,54.80,Storm,1.8
08/03/2022,18:30,22.5795,88.4841,22.5326,88.1247,37.27,74.54,Haze,1.0
23/07/2022,22:20,22.6028,88.4478,22.4321,88.5273,20.66,41.32,Rain,1.9
28/02/2022,04:18,22.4341,88.4667,22.4947,88.1233,35.92,71.84,Smoke,1.0
06/04/2022,20:17,22.5609,88.2108,22.4275,88.4548,29.13,58.26,Haze,1.2
13/08/2022,09:11,22.4355,88.3703,22.5357,88.2499,16.65,33.30,Haze,1.5
23/05/2022,16:34,22.5101,88.4386,22.4729,88.4108,5.03,10.06,Clear,1.2
17/05/2022,20:42,22.6111,88.2136,22.5719,88.1709,6.18,12.36,Storm,1.5
15/08/2022,09:19,22.4870,88.5161,22.4660,88.1078,42.02,84.04,Haze,1.0
02/07/2022,09:17,22.4724,88.1237,22.4740,88.5210,40.82,81.64,Haze,1.5
16/01/2022,20:19,22.4193,88.4281,22.5998,88.5250,22.40,44.80,Clouds,1.4
09/02/2022,10:31,22.5553,88.4917,22.4136,88.1234,40.99,81.98,Haze,1.2
06/08/2022,16:56,22.5869,88.2800,22.5557,88.2364,5.66,11.32,Storm,1.7
20/08/2022,17:25,22.4458,88.3336,22.4535,88.1644,17.41,34.82,Rain,1.6
08/12/2022,06:08,22.4952,88.4434,22.4918,88.3754,7.00,14.00,Clear,1.2
21/04/2022,14:48,22.5613,88.1118,22.5371,88.3643,26.07,52.14,Rain,1.9
28/05/2022,15:32,22.4691,88.1232,22.5289,88.4886,38.12,76.24,Rain,2.0
07/11/2022,03:28,22.5343,88.5254,22.5973,88.3291,21.34,42.68,Rain,1.6
19/08/2022,10:33,22.5462,88.1130,22.5794,88.1417,4.72,9.44,Rain,1.6
10/05/2022,23:42,22.4156,88.2753,22.6150,88.3616,23.88,47.76,Clear,1.1
19/09/2022,01:44,22.5325,88.3949,22.5262,88.3616,3.49,6.98,Smoke,1.2
26/10/2022,15:06,22.4724,88.4059,22.5636,88.3519,11.56,23.12,Clouds,1.3
27/03/2022,15:01,22.5548,88.4314,22.4471,88.2738,20.14,40.28,Storm,2.0
16/01/2022,05:31,22.4335,88.2590,22.4424,88.1602,10.20,20.40,Rain,1.7
05/11/2022,09:40,22.4956,88.1188,22.6221,88.4006,32.17,64.34,Rain,1.5
15/02/2022,08:33,22.5461,88.2546,22.6100,88.3828,14.96,29.92,Smoke,1.4
05/09/2022,09:27,22.4627,88.1010,22.4621,88.5062,41.64,83.28,Smoke,1.3
08/12/2022,03:39,22.5198,88.1498,22.5442,88.1079,5.09,10.18,Smoke,1.4
13/11/2022,21:49,22.4820,88.3677,22.5470,88.0965,28.78,57.56,Storm,1.6
26/07/2022,17:06,22.5014,88.5059,22.5865,88.4458,11.30,22.60,Clouds,1.3
23/01/2022,19:35,22.5490,88.1545,22.5107,88.2984,15.38,30.76,Storm,1.5
15/02/2022,11:58,22.5782,88.2760,22.4553,88.3586,16.09,32.18,Storm,1.5
14/06/2022,10:20,22.4809,88.4237,22.5531,88.0882,35.38,70.76,Storm,1.6
22/03/2022,14:32,22.4006,88.5174,22.5629,88.1821,38.89,77.78,Storm,1.6
26/11/2022,06:01,22.4954,88.4405,22.4091,88.4893,10.83,21.66,Smoke,1.1
23/11/2022,04:11,22.4227,88.3687,22.5711,88.1522,27.69,55.38,Clouds,1.2
05/10/2022,12:49,22.5674,88.2095,22.4255,88.1093,18.84,37.68,Storm,1.8
03/05/2022,14:10,22.5118,88.2172,22.5438,88.2364,4.07,8.14,Storm,1.7
27/02/2022,03:49,22.4145,88.3897,22.4878,88.4235,8.86,17.72,Clouds,1.3
14/12/2022,11:38,22.4494,88.4895,22.5482,88.1330,38.24,76.48,Smoke,1.2
19/06/2022,11:45,22.4966,88.2858,22.5806,88.0931,21.88,43.76,Storm,1.7
13/10/2022,04:14,22.4365,88.2771,22.4532,88.2015,7.99,15.98,Smoke,1.5
11/08/2022,02:08,22.5889,88.3697,22.5184,88.4339,10.24,20.48,Storm,1.8
23/08/2022,22:02,22.4677,88.3448,22.4452,88.3343,2.72,5.44,Rain,1.6
16/09/2022,08:46,22.4379,88.2846,22.4230,88.2600,3.02,6.04,Haze,1.2
21/02/2022,00:38,22.4244,88.4879,22.4252,88.4793,0.89,1.78,Smoke,1.5
02/09/2022,01:27,22.4790,88.4500,22.5720,88.4812,10.83,21.66,Clear,1.2
14/12/2022,23:14,22.5326,88.1725,22.4971,88.3985,23.55,47.10,Clouds,1.3
07/12/2022,08:30,22.6234,88.2827,22.4964,88.3481,15.64,31.28,Clouds,1.2
23/07/2022,22:49,22.4837,88.3484,22.6100,88.1520,24.58,49.16,Smoke,1.3
16/01/2022,01:02,22.4694,88.1256,22.4311,88.3257,21.00,42.00,Clouds,1.4
27/04/2022,23:51,22.6049,88.4314,22.5483,88.0921,35.40,70.80,Smoke,1.0
16/02/2022,10:41,22.4111,88.2048,22.5157,88.1795,11.92,23.84,Storm,1.7
02/03/2022,17:57,22.5770,88.1761,22.3989,88.2218,20.35,40.70,Clear,1.4
27/04/2022,20:44,22.4802,88.2711,22.5119,88.2386,4.86,9.72,Rain,1.6
06/05/2022,02:03,22.4888,88.5108,22.5056,88.1863,33.39,66.78,Clear,1.1
19/01/2022,20:24,22.4772,88.2846,22.6086,88.5124,27.58,55.16,Clear,1.3
09/04/2022,17:08,22.4036,88.2525,22.4212,88.2151,4.31,8.62,Clouds,1.0
24/04/2022,21:15,22.4240,88.2913,22.5982,88.3250,19.68,39.36,Smoke,1.1
04/03/2022,11:58,22.5934,88.3734,22.5457,88.4771,11.90,23.80,Rain,1.9
06/05/2022,17:58,22.5183,88.3251,22.4612,88.3582,7.20,14.40,Clouds,1.1
25/04/2022,18:24,22.4952,88.3261,22.4916,88.4562,13.37,26.74,Smoke,1.2
24/08/2022,10:16,22.5037,88.2065,22.4457,88.4919,30.03,60.06,Clear,1.1
13/07/2022,21:29,22.4415,88.0854,22.5577,88.4937,43.89,87.78,Clear,1.3
03/01/2022,14:50,22.4669,88.3536,22.6198,88.1897,23.92,47.84,Rain,2.0
03/10/2022,02:13,22.4268,88.1954,22.5836,88.2097,17.50,35.00,Storm,1.6
14/06/2022,03:24,22.4683,88.0919,22.4028,88.4946,42.02,84.04,Smoke,1.2
14/10/2022,16:07,22.4809,88.1888,22.6155,88.1437,15.67,31.34,Clear,1.4
15/09/2022,16:47,22.5120,88.3502,22.4064,88.4119,13.34,26.68,Storm,1.9
03/05/2022,19:46,22.4460,88.1044,22.4714,88.4976,40.50,81.00,Clear,1.5
07/09/2022,23:44,22.4450,88.2756,22.4919,88.4879,22.43,44.86,Clear,1.3
12/10/2022,12:52,22.4789,88.3970,22.4795,88.1661,23.72,47.44,Clouds,1.3
26/03/2022,17:13,22.5230,88.1910,22.4103,88.3169,18.01,36.02,Clouds,1.1
11/04/2022,05:55,22.5536,88.1600,22.6116,88.3168,17.34,34.68,Smoke,1.3
26/03/2022,22:06,22.5303,88.3014,22.4366,88.4150,15.65,31.30,Clear,1.1
16/03/2022,05:51,22.4796,88.1523,22.4518,88.3951,25.14,50.28,Rain,1.9
19/06/2022,10:35,22.4293,88.1198,22.4667,88.3489,23.91,47.82,Rain,1.9
18/12/2022,07:52,22.6164,88.4700,22.3984,88.4278,24.63,49.26,Smoke,1.2
01/06/2022,20:51,22.5645,88.4451,22.5981,88.1705,28.44,56.88,Clear,1.2
20/01/2022,11:29,22.5422,88.2230,22.5657,88.3420,12.50,25.00,Haze,1.1
01/10/2022,22:25,22.5376,88.2700,22.5091,88.2679,3.18,6.36,Storm,2.0
06/01/2022,12:23,22.5757,88.5239,22.6019,88.1848,34.94,69.88,Smoke,1.5
02/03/2022,14:05,22.4860,88.2934,22.4149,88.4831,21.04,42.08,Rain,1.9
16/05/2022,17:04,22.5126,88.1163,22.4406,88.3034,20.82,41.64,Storm,1.7
23/05/2022,04:24,22.5439,88.5030,22.5163,88.2231,28.91,57.82,Rain,1.6
08/04/2022,05:12,22.4709,88.2327,22.5172,88.2867,7.57,15.14,Clouds,1.3
25/10/2022,14:44,22.4656,88.4468,22.5326,88.4406,7.48,14.96,Clouds,1.2
11/04/2022,03:54,22.4112,88.4065,22.5977,88.2065,29.19,58.38,Rain,1.8
24/06/2022,10:38,22.5178,88.3650,22.3976,88.4833,18.07,36.14,Storm,1.9
23/11/2022,02:04,22.4951,88.1067,22.5942,88.5247,44.32,88.64,Rain,1.8
22/03/2022,22:46,22.6168,88.4362,22.4787,88.3274,18.99,37.98,Haze,1.4
01/11/2022,01:56,22.4424,88.1661,22.4376,88.1485,1.89,3.78,Clouds,1.4
22/04/2022,18:19,22.5560,88.1416,22.4040,88.2531,20.42,40.84,Storm,1.5
12/03/2022,09:54,22.6209,88.2255,22.6184,88.2144,1.17,2.34,Clouds,1.3
07/12/2022,06:16,22.6080,88.4059,22.5168,88.2028,23.19,46.38,Storm,1.6
05/02/2022,12:58,22.4401,88.2325,22.5845,88.1302,19.19,38.38,Clear,1.3
24/11/2022,09:49,22.5922,88.4786,22.4749,88.1518,36.01,72.02,Haze,1.1
02/08/2022,05:39,22.6254,88.4623,22.6071,88.4810,2.80,5.60,Rain,1.6
23/03/2022,01:32,22.5667,88.4189,22.4411,88.3237,17.05,34.10,Haze,1.3
25/10/2022,08:06,22.5756,88.1370,22.4696,88.1387,11.79,23.58,Haze,1.2
03/04/2022,18:10,22.5229,88.5105,22.4922,88.0949,42.83,85.66,Haze,1.3
21/06/2022,05:11,22.5497,88.2592,22.6178,88.2036,9.48,18.96,Smoke,1.1
21/06/2022,11:33,22.5141,88.3202,22.5575,88.4205,11.38,22.76,Storm,1.7
06/10/2022,23:10,22.5031,88.1147,22.5960,88.4259,33.59,67.18,Storm,1.8
14/11/2022,14:58,22.4522,88.4940,22.5857,88.4350,16.03,32.06,Rain,1.8
26/11/2022,12:48,22.4915,88.4215,22.6064,88.1533,30.36,60.72,Haze,1.1
25/05/2022,04:39,22.5930,88.4928,22.5635,88.1767,32.62,65.24,Smoke,1.3
15/01/2022,03:26,22.5837,88.4684,22.4624,88.2371,27.32,54.64,Clear,1.4
06/09/2022,14:45,22.4026,88.1294,22.6023,88.4409,38.95,77.90,Storm,1.9
25/03/2022,11:00,22.4938,88.3913,22.5358,88.2635,13.93,27.86,Storm,1.7
17/05/2022,18:57,22.6174,88.3553,22.5015,88.3311,13.12,26.24,Storm,2.0
27/12/2022,10:49,22.4858,88.3311,22.5897,88.3945,13.26,26.52,Smoke,1.1
23/08/2022,01:40,22.5274,88.3683,22.6229,88.2071,19.66,39.32,Storm,1.8
02/01/2022,14:33,22.5755,88.4181,22.4871,88.1857,25.81,51.62,Clouds,1.4
08/01/2022,07:25,22.5594,88.1697,22.4815,88.2928,15.33,30.66,Haze,1.4
20/07/2022,22:30,22.4251,88.1467,22.4429,88.4636,32.63,65.26,Storm,2.0
07/05/2022,07:12,22.5007,88.4204,22.4733,88.4280,3.15,6.30,Clouds,1.5
28/04/2022,22:37,22.4801,88.2468,22.5170,88.3419,10.60,21.20,Rain,1.7
02/02/2022,17:36,22.6178,88.2839,22.5085,88.3140,12.54,25.08,Rain,1.5
04/11/2022,11:22,22.4189,88.2486,22.5572,88.4457,25.43,50.86,Haze,1.2
25/02/2022,18:49,22.4085,88.2522,22.4163,88.1493,10.61,21.22,Clouds,1.3
16/03/2022,23:34,22.4283,88.1505,22.4048,88.1274,3.53,7.06,Clear,1.2
03/08/2022,20:15,22.4977,88.1392,22.5986,88.4438,33.23,66.46,Haze,1.3
10/04/2022,04:13,22.5578,88.4401,22.5203,88.1738,27.67,55.34,Haze,1.0
27/06/2022,10:55,22.4816,88.2981,22.6040,88.4382,19.81,39.62,Clear,1.3
03/08/2022,04:46,22.5517,88.2684,22.5035,88.3038,6.48,12.96,Rain,1.6
12/03/2022,19:06,22.4199,88.3665,22.5607,88.3019,17.00,34.00,Rain,1.6
19/01/2022,02:40,22.5095,88.4473,22.5415,88.4629,3.90,7.80,Storm,1.5
28/04/2022,09:02,22.5645,88.2212,22.4465,88.0832,19.32,38.64,Storm,1.6
05/08/2022,06:26,22.4382,88.4159,22.5844,88.2954,20.43,40.86,Haze,1.5
04/07/2022,18:32,22.5523,88.2760,22.5165,88.4571,19.02,38.04,Smoke,1.3
12/06/2022,11:34,22.5260,88.4493,22.6239,88.1737,30.32,60.64,Clear,1.4
13/02/2022,20:18,22.5038,88.1355,22.5632,88.2546,13.90,27.80,Rain,1.6
04/07/2022,22:04,22.5466,88.2586,22.5856,88.3220,7.82,15.64,Rain,1.5
02/06/2022,23:41,22.3971,88.4953,22.4674,88.1799,33.35,66.70,Rain,1.9
03/07/2022,00:27,22.5316,88.3339,22.5446,88.5142,18.57,37.14,Clouds,1.1
24/09/2022,06:13,22.5920,88.1102,22.4447,88.3925,33.30,66.60,Clouds,1.3
06/10/2022,22:05,22.4078,88.4433,22.4191,88.1926,25.80,51.60,Clear,1.1
24/08/2022,10:30,22.4520,88.4882,22.5042,88.3749,13.01,26.02,Haze,1.0
24/08/2022,20:23,22.5566,88.4694,22.5472,88.4968,3.00,6.00,Clouds,1.4
15/04/2022,05:40,22.4171,88.4484,22.5755,88.4348,17.67,35.34,Clouds,1.2
07/09/2022,08:55,22.4966,88.1858,22.4497,88.2739,10.45,20.90,Clear,1.3
25/10/2022,04:25,22.5336,88.3003,22.4636,88.2537,9.14,18.28,Smoke,1.2
19/12/2022,21:02,22.4313,88.0969,22.6076,88.3822,35.26,70.52,Haze,1.0
10/06/2022,14:44,22.5182,88.4558,22.5601,88.1656,30.17,60.34,Storm,2.0
27/01/2022,10:10,22.4376,88.2002,22.4361,88.4296,23.58,47.16,Clouds,1.2
16/11/2022,10:01,22.6166,88.4968,22.4893,88.1632,37.07,74.14,Storm,1.8
13/12/2022,14:04,22.4999,88.2645,22.5097,88.0964,17.30,34.60,Storm,1.7
27/09/2022,01:00,22.4321,88.2983,22.4772,88.5105,22.38,44.76,Rain,1.7
01/12/2022,06:27,22.5021,88.1829,22.5880,88.3878,23.11,46.22,Haze,1.1
10/09/2022,01:49,22.5458,88.2108,22.6139,88.4934,29.99,59.98,Clear,1.3
13/02/2022,12:56,22.5832,88.5286,22.6103,88.4466,8.94,17.88,Clouds,1.1
02/07/2022,17:26,22.4064,88.5113,22.5623,88.3399,24.71,49.42,Rain,1.7
19/07/2022,20:42,22.4843,88.1251,22.4761,88.2463,12.49,24.98,Rain,1.8
18/09/2022,13:38,22.5453,88.3744,22.5418,88.4856,11.43,22.86,Rain,1.9
14/10/2022,14:12,22.4481,88.1296,22.4157,88.3150,19.39,38.78,Storm,1.9
27/03/2022,03:14,22.5416,88.2999,22.4473,88.0991,23.14,46.28,Haze,1.2
16/10/2022,04:43,22.4724,88.4622,22.6129,88.3456,19.68,39.36,Storm,1.6
03/07/2022,21:58,22.6120,88.1262,22.4199,88.3994,35.27,70.54,Storm,1.9
16/06/2022,11:03,22.5156,88.4318,22.5527,88.1552,28.71,57.42,Smoke,1.0
04/10/2022,16:48,22.6013,88.1332,22.4000,88.4096,36.16,72.32,Haze,1.1
07/05/2022,02:04,22.4068,88.3947,22.6143,88.2004,30.51,61.02,Haze,1.0
12/01/2022,19:48,22.4800,88.2635,22.4291,88.4555,20.53,41.06,Haze,1.1
19/10/2022,06:03,22.5416,88.4283,22.4267,88.2085,25.95,51.90,Clouds,1.3
02/06/2022,08:34,22.5155,88.3824,22.4255,88.3416,10.85,21.70,Haze,1.5
10/01/2022,12:02,22.4696,88.2789,22.5990,88.4775,24.96,49.92,Clear,1.4
03/11/2022,02:29,22.6226,88.2024,22.4698,88.2402,17.43,34.86,Clear,1.4
01/05/2022,07:56,22.5367,88.2398,22.6132,88.4297,21.27,42.54,Storm,1.8
08/05/2022,01:00,22.4586,88.4519,22.5293,88.2334,23.78,47.56,Smoke,1.5
06/01/2022,21:23,22.4191,88.5047,22.4739,88.1374,38.24,76.48,Storm,1.8
20/07/2022,09:15,22.4591,88.3090,22.4955,88.1768,14.17,28.34,Smoke,1.1
22/11/2022,13:23,22.5157,88.1072,22.4068,88.3593,28.60,57.20,Storm,1.7
12/04/2022,21:41,22.4807,88.3953,22.5880,88.4482,13.11,26.22,Clouds,1.1
09/10/2022,01:11,22.5540,88.2953,22.4512,88.1112,22.10,44.20,Storm,1.9
01/11/2022,23:16,22.5010,88.1920,22.5644,88.3903,21.55,43.10,Clear,1.5
21/06/2022,09:30,22.4192,88.3112,22.4717,88.2448,8.98,17.96,Clouds,1.4
12/06/2022,18:54,22.6176,88.4112,22.4097,88.4392,23.30,46.60,Clear,1.2
05/02/2022,03:37,22.5245,88.2179,22.4138,88.4026,22.62,45.24,Haze,1.4
17/02/2022,01:28,22.6147,88.5102,22.6174,88.1969,32.16,64.32,Smoke,1.4
06/02/2022,22:04,22.5551,88.3535,22.4466,88.3039,13.10,26.20,Smoke,1.1
04/03/2022,18:17,22.5706,88.5060,22.5433,88.2120,30.34,60.68,Haze,1.5
01/12/2022,23:29,22.4422,88.3096,22.4154,88.5032,20.12,40.24,Rain,1.9
27/02/2022,03:05,22.4765,88.4027,22.4337,88.3721,5.70,11.40,Clear,1.3
01/07/2022,09:58,22.4068,88.3287,22.4346,88.3573,4.27,8.54,Smoke,1.2
18/07/2022,09:25,22.5840,88.2402,22.5407,88.2602,5.23,10.46,Rain,1.9
07/05/2022,03:44,22.5752,88.4884,22.5564,88.1090,39.01,78.02,Haze,1.2
06/12/2022,15:45,22.5049,88.2827,22.4597,88.1024,19.19,38.38,Rain,2.0
19/10/2022,14:50,22.4623,88.2035,22.4706,88.3978,19.99,39.98,Haze,1.2
08/12/2022,02:06,22.5220,88.4771,22.4390,88.1718,32.70,65.40,Rain,2.0
09/03/2022,10:58,22.4883,88.2141,22.5383,88.2378,6.07,12.14,Clouds,1.0
27/06/2022,10:56,22.4658,88.0854,22.6246,88.3743,34.53,69.06,Haze,1.1
14/01/2022,23:22,22.4463,88.3683,22.4007,88.4447,9.35,18.70,Clear,1.5
15/10/2022,21:47,22.5757,88.1202,22.4251,88.1057,16.81,33.62,Clouds,1.0
05/01/2022,08:56,22.4023,88.2380,22.5080,88.1779,13.28,26.56,Clear,1.0
15/02/2022,12:00,22.4262,88.4356,22.4456,88.2044,23.86,47.72,Clear,1.4
15/02/2022,16:58,22.4692,88.2530,22.4214,88.3514,11.42,22.84,Smoke,1.4
13/06/2022,19:22,22.5125,88.3791,22.4123,88.4528,13.47,26.94,Haze,1.1
03/12/2022,15:40,22.4868,88.4426,22.4126,88.4230,8.49,16.98,Storm,1.5
27/06/2022,10:56,22.4820,88.3135,22.5502,88.3838,10.47,20.94,Clouds,1.3
15/08/2022,17:56,22.4154,88.2671,22.4074,88.3531,8.89,17.78,Clouds,1.1
21/01/2022,20:17,22.4368,88.1016,22.4148,88.2658,17.05,34.10,Smoke,1.4
06/04/2022,09:58,22.4336,88.2546,22.5445,88.4678,25.14,50.28,Clouds,1.3
02/11/2022,00:29,22.5624,88.3780,22.4087,88.4231,17.71,35.42,Storm,1.8
08/04/2022,19:05,22.6052,88.2947,22.4672,88.2627,15.69,31.38,Storm,1.8
06/04/2022,05:43,22.5874,88.1537,22.5833,88.3683,22.04,44.08,Clouds,1.3
22/11/2022,19:02,22.4379,88.4611,22.5426,88.0911,39.76,79.52,Rain,1.7
25/01/2022,00:13,22.4173,88.4460,22.5596,88.4279,15.93,31.86,Clouds,1.4
04/05/2022,08:02,22.4728,88.3498,22.4420,88.2725,8.65,17.30,Clouds,1.1
14/04/2022,06:07,22.6101,88.2139,22.5990,88.0880,12.98,25.96,Rain,1.7
13/11/2022,20:18,22.4693,88.0978,22.4934,88.3758,28.69,57.38,Clear,1.1
14/12/2022,20:38,22.4866,88.5028,22.5538,88.1809,33.90,67.80,Smoke,1.5
17/09/2022,02:37,22.6072,88.2127,22.4355,88.2333,19.21,38.42,Clouds,1.5
12/01/2022,20:39,22.4480,88.2466,22.5888,88.2858,16.17,32.34,Rain,1.5
02/08/2022,07:20,22.4180,88.3225,22.4358,88.4264,10.86,21.72,Rain,1.5
15/11/2022,04:43,22.4779,88.2273,22.5273,88.3403,12.84,25.68,Smoke,1.1
24/01/2022,07:41,22.6226,88.2384,22.4766,88.3465,19.67,39.34,Clear,1.5
15/05/2022,06:56,22.6221,88.3623,22.5350,88.0876,29.82,59.64,Clear,1.2
20/01/2022,16:43,22.4089,88.1134,22.5672,88.4929,42.78,85.56,Smoke,1.5
16/10/2022,00:10,22.4050,88.1750,22.6184,88.2576,25.20,50.40,Storm,1.8
09/05/2022,05:16,22.4847,88.3910,22.4268,88.1652,24.08,48.16,Haze,1.4
18/12/2022,08:42,22.5225,88.1049,22.4979,88.2654,16.71,33.42,Clear,1.1
13/05/2022,08:24,22.5357,88.2324,22.5432,88.3863,15.83,31.66,Storm,1.9
16/04/2022,20:03,22.4619,88.1025,22.6171,88.1987,19.89,39.78,Clouds,1.4
04/07/2022,21:15,22.6230,88.2580,22.6052,88.2858,3.47,6.94,Rain,1.9
16/03/2022,22:03,22.4769,88.4694,22.4966,88.1549,32.39,64.78,Smoke,1.1
04/12/2022,20:00,22.5850,88.3724,22.5596,88.3938,3.58,7.16,Clear,1.1
01/07/2022,15:41,22.4924,88.4583,22.5950,88.4107,12.41,24.82,Clear,1.1
20/07/2022,05:34,22.5002,88.3895,22.4249,88.1937,21.79,43.58,Storm,1.9
25/06/2022,19:17,22.6235,88.1777,22.5489,88.1864,8.34,16.68,Clear,1.3
22/09/2022,12:44,22.4150,88.2490,22.4690,88.4069,17.30,34.60,Smoke,1.4
20/02/2022,09:56,22.5408,88.1968,22.5669,88.2306,4.52,9.04,Rain,1.5
09/01/2022,03:58,22.4386,88.1473,22.4722,88.3657,22.75,45.50,Clouds,1.3
08/09/2022,02:17,22.5664,88.2625,22.6200,88.2740,6.08,12.16,Rain,1.6
14/08/2022,10:06,22.4887,88.4464,22.6070,88.3462,16.70,33.40,Storm,1.8
21/03/2022,09:49,22.5738,88.2428,22.5461,88.0973,15.26,30.52,Smoke,1.2
18/09/2022,13:47,22.6072,88.4652,22.4293,88.4127,20.50,41.00,Haze,1.3
26/09/2022,22:30,22.5525,88.2840,22.5190,88.3893,11.44,22.88,Storm,1.8
18/06/2022,11:21,22.6237,88.2174,22.6241,88.1869,3.13,6.26,Smoke,1.2
20/01/2022,11:45,22.4609,88.1523,22.4612,88.2825,13.38,26.76,Storm,1.6
05/05/2022,12:01,22.5208,88.4993,22.6138,88.3650,17.24,34.48,Smoke,1.2
20/06/2022,03:35,22.5614,88.2893,22.5711,88.4273,14.21,28.42,Storm,1.8
27/06/2022,09:31,22.5102,88.3691,22.4998,88.3882,2.28,4.56,Clouds,1.2
13/12/2022,05:50,22.5458,88.2097,22.4313,88.1820,13.05,26.10,Rain,1.7
16/03/2022,05:30,22.5457,88.1581,22.5456,88.5075,35.88,71.76,Storm,1.7
06/02/2022,21:57,22.4681,88.3569,22.6102,88.2526,19.09,38.18,Smoke,1.3
01/05/2022,15:23,22.5417,88.4076,22.4886,88.2180,20.35,40.70,Clear,1.4
14/05/2022,00:06,22.5840,88.3446,22.4922,88.3476,10.21,20.42,Smoke,1.0
19/01/2022,08:00,22.5143,88.2746,22.4205,88.5151,26.82,53.64,Clouds,1.2
19/11/2022,21:21,22.6164,88.2532,22.5810,88.3849,14.08,28.16,Clear,1.0
07/02/2022,02:44,22.4072,88.5199,22.5298,88.3381,23.13,46.26,Clouds,1.3
21/03/2022,13:17,22.6240,88.1469,22.5307,88.2050,11.97,23.94,Haze,1.1
08/08/2022,09:08,22.5545,88.4457,22.5857,88.1156,34.07,68.14,Haze,1.0
09/10/2022,12:53,22.6204,88.4952,22.6113,88.4574,4.01,8.02,Clear,1.5
02/02/2022,03:48,22.4489,88.1621,22.4463,88.3384,18.12,36.24,Rain,2.0
06/04/2022,02:44,22.5936,88.2333,22.5677,88.1468,9.34,18.68,Storm,1.8
13/06/2022,22:13,22.5117,88.1663,22.6216,88.1081,13.60,27.20,Smoke,1.0
15/03/2022,18:26,22.4296,88.3801,22.4338,88.3121,7.00,14.00,Smoke,1.1
16/12/2022,02:48,22.5048,88.2134,22.4003,88.2100,11.63,23.26,Rain,1.6
04/05/2022,21:58,22.4659,88.4338,22.4375,88.1961,24.63,49.26,Clear,1.3
09/09/2022,15:12,22.4954,88.2596,22.5808,88.3091,10.77,21.54,Storm,1.5
13/05/2022,03:46,22.5203,88.1938,22.4750,88.2085,5.26,10.52,Smoke,1.1
09/11/2022,12:38,22.5415,88.4386,22.5327,88.1268,32.04,64.08,Haze,1.0
24/10/2022,17:14,22.6116,88.5037,22.5523,88.4354,9.63,19.26,Haze,1.3
07/10/2022,03:36,22.4010,88.3573,22.3984,88.2872,7.21,14.42,Storm,1.9
06/04/2022,18:35,22.5735,88.3933,22.4360,88.2663,20.10,40.20,Smoke,1.0
12/04/2022,20:03,22.6249,88.3610,22.4888,88.1215,28.88,57.76,Clear,1.4
11/11/2022,20:46,22.4149,88.3066,22.5158,88.2842,11.45,22.90,Storm,1.6
20/03/2022,16:30,22.6096,88.1168,22.4172,88.1093,21.41,42.82,Rain,2.0
23/05/2022,03:55,22.4589,88.1155,22.5416,88.2097,13.35,26.70,Clouds,1.3
16/03/2022,17:06,22.5904,88.3860,22.5140,88.3365,9.90,19.80,Smoke,1.3
04/09/2022,06:29,22.6209,88.2869,22.5414,88.1145,19.79,39.58,Smoke,1.3
01/01/2022,16:36,22.6168,88.2688,22.4644,88.4965,28.88,57.76,Storm,1.9
17/06/2022,22:00,22.5993,88.3541,22.6126,88.2255,13.28,26.56,Rain,1.7
22/08/2022,00:40,22.5132,88.3246,22.6204,88.3983,14.12,28.24,Haze,1.3
07/12/2022,21:25,22.4888,88.2496,22.4875,88.2333,1.68,3.36,Storm,1.8
25/10/2022,22:24,22.5753,88.1358,22.5767,88.3473,21.72,43.44,Haze,1.4
04/07/2022,02:36,22.5654,88.1328,22.4450,88.5205,42.02,84.04,Smoke,1.2
11/09/2022,22:53,22.4579,88.1257,22.4191,88.4099,29.53,59.06,Clouds,1.2
02/09/2022,11:17,22.5288,88.2165,22.5252,88.1923,2.52,5.04,Clouds,1.3
12/02/2022,17:47,22.6139,88.2678,22.3993,88.1053,29.12,58.24,Clear,1.5
22/08/2022,15:51,22.4412,88.3320,22.4174,88.4526,12.68,25.36,Clouds,1.2
03/09/2022,23:04,22.6139,88.4265,22.5403,88.4948,10.78,21.56,Storm,1.7
04/10/2022,09:35,22.4349,88.4272,22.4787,88.1932,24.53,49.06,Haze,1.1
06/02/2022,00:15,22.4898,88.4819,22.4927,88.3982,8.61,17.22,Clear,1.2
15/12/2022,04:53,22.5566,88.4978,22.5032,88.4826,6.14,12.28,Rain,2.0
21/08/2022,17:35,22.5166,88.2541,22.4641,88.4504,21.00,42.00,Smoke,1.3
23/03/2022,11:06,22.4994,88.4257,22.5966,88.2680,19.47,38.94,Rain,1.6
26/04/2022,23:54,22.5104,88.2800,22.5964,88.1560,15.92,31.84,Clouds,1.4
06/03/2022,01:41,22.4388,88.5097,22.5493,88.5034,12.30,24.60,Rain,1.6
18/08/2022,23:07,22.4297,88.1442,22.5439,88.3741,26.82,53.64,Haze,1.0
08/09/2022,12:40,22.5863,88.2703,22.5307,88.1780,11.32,22.64,Clouds,1.3
06/02/2022,13:39,22.5465,88.1502,22.5322,88.3631,21.92,43.84,Rain,1.8
17/01/2022,08:21,22.6194,88.2614,22.5733,88.3073,6.96,13.92,Smoke,1.1
05/03/2022,16:45,22.6037,88.3476,22.5815,88.3999,5.91,11.82,Clouds,1.2
21/05/2022,09:41,22.5196,88.2040,22.4938,88.3127,11.53,23.06,Clear,1.2
06/04/2022,12:21,22.5850,88.3194,22.4037,88.3927,21.52,43.04,Clear,1.3
03/04/2022,02:35,22.5980,88.1333,22.4538,88.5011,41.04,82.08,Haze,1.0
04/07/2022,23:06,22.5300,88.3761,22.4232,88.1753,23.81,47.62,Smoke,1.1
20/10/2022,17:16,22.5668,88.1186,22.5811,88.3117,19.89,39.78,Haze,1.3
11/12/2022,06:05,22.5263,88.3667,22.5822,88.3213,7.77,15.54,Rain,2.0
20/02/2022,15:08,22.4002,88.3934,22.5361,88.3867,15.13,30.26,Rain,1.7
07/12/2022,23:43,22.4257,88.2098,22.4515,88.4602,25.89,51.78,Rain,1.7
14/12/2022,15:35,22.4046,88.3470,22.5689,88.5269,25.99,51.98,Smoke,1.1
18/01/2022,14:58,22.4674,88.3822,22.5103,88.4643,9.69,19.38,Rain,1.9
28/11/2022,11:14,22.5815,88.3316,22.5322,88.4785,16.05,32.10,Rain,1.9
15/03/2022,11:49,22.4620,88.1218,22.5719,88.1024,12.38,24.76,Clear,1.1
